Workbook

Sheet base
A1: pais | B1: fecha | C1: mes_muestra | D1: rank | E1: artist_names | F1: artist_01 | G1: artist_02 | H1: artist_03 | I1: artist_04 | J1: artist_05 | K1: artist_06 | L1: artist_07 | M1: artist_08 | N1: artist_09 | O1: artist_10 | P1: nacionalidad_01 | Q1: nacionalidad_02 | R1: nacionalidad_03 | S1: nacionalidad_04 | T1: nacionalidad_05 | U1: nacionalidad_06 | V1: nacionalidad_07 | W1: nacionalidad_08 | X1: nacionalidad_09 | Y1: nacionalidad_10 | Z1: track_name | AA1: source | AB1: peak_rank | AC1: previous_rank | AD1: weeks_on_chart | AE1: streams
A2: Argentina | B2: 45967 | C2: noviembre_2025 | D2: 1 | E2: Roze Oficial, Max Carra, Valen, RAMKY EN LOS CONTROLES | F2: Roze Oficial | G2: Max Carra | H2: Valen | I2: RAMKY EN LOS CONTROLES | J2: NA | K2: NA | L2: NA | M2: NA | N2: NA | O2: NA | P2: =IF(F2="NA","NA",_xlfn.XLOOKUP(TRIM(F2),nacionalidad!A:A,nacionalidad!B:B,"Por verificar")) -> Argentina | Q2: =IF(G2="NA","NA",_xlfn.XLOOKUP(TRIM(G2),nacionalidad!A:A,nacionalidad!B:B,"Por verificar")) -> Argentina | R2: =IF(H2="NA","NA",_xlfn.XLOOKUP(TRIM(H2),nacionalidad!A:A,nacionalidad!B:B,"Por verificar")) -> Argentina | S2: =IF(I2="NA","NA",_xlfn.XLOOKUP(TRIM(I2),nacionalidad!A:A,nacionalidad!B:B,"Por verificar")) -> Argentina | T2: =IF(J2="NA","NA",_xlfn.XLOOKUP(TRIM(J2),nacionalidad!A:A,nacionalidad!B:B,"Por verificar")) -> NA | U2: =IF(K2="NA","NA",_xlfn.XLOOKUP(TRIM(K2),nacionalidad!A:A,nacionalidad!B:B,"Por verificar")) -> NA | V2: =IF(L2="NA","NA",_xlfn.XLOOKUP(TRIM(L2),nacionalidad!A:A,nacionalidad!B:B,"Por verificar")) -> NA | W2: =IF(M2="NA","NA",_xlfn.XLOOKUP(TRIM(M2),nacionalidad!A:A,nacionalidad!B:B,"Por verificar")) -> NA | ... Y2: =IF(O2="NA","NA",_xlfn.XLOOKUP(TRIM(O2),nacionalidad!A:A,nacionalidad!B:B,"Por verificar")) -> NA | Z2: Tu jardín con enanitos | AA2: Sony Music Uruguay | AB2: 1 | AC2: 1 | AD2: 24 | AE2: 2468159
A3: Argentina | B3: 45967 | C3: noviembre_2025 | D3: 2 | E3: Young Cister, Kreamly | F3: Young Cister | G3: Kreamly | H3: NA | I3: NA | J3: NA | K3: NA | L3: NA | M3: NA | N3: NA | O3: NA | P3: =IF(F3="NA","NA",_xlfn.XLOOKUP(TRIM(F3),nacionalidad!A:A,nacionalidad!B:B,"Por verificar")) -> Chile | Q3: =IF(G3="NA","NA",_xlfn.XLOOKUP(TRIM(G3),nacionalidad!A:A,nacionalidad!B:B,"Por verificar")) -> Chile | R3: =IF(H3="NA","NA",_xlfn.XLOOKUP(TRIM(H3),nacionalidad!A:A,nacionalidad!B:B,"Por verificar")) -> NA | S3: =IF(I3="NA","NA",_xlfn.XLOOKUP(TRIM(I3),nacionalidad!A:A,nacionalidad!B:B,"Por verificar")) -> NA | T3: =IF(J3="NA","NA",_xlfn.XLOOKUP(TRIM(J3),nacionalidad!A:A,nacionalidad!B:B,"Por verificar")) -> NA | U3: =IF(K3="NA","NA",_xlfn.XLOOKUP(TRIM(K3),nacionalidad!A:A,nacionalidad!B:B,"Por verificar")) -> NA | V3: =IF(L3="NA","NA",_xlfn.XLOOKUP(TRIM(L3),nacionalidad!A:A,nacionalidad!B:B,"Por verificar")) -> NA | W3: =IF(M3="NA","NA",_xlfn.XLOOKUP(TRIM(M3),nacionalidad!A:A,nacionalidad!B:B,"Por verificar")) -> NA | ... Y3: =IF(O3="NA","NA",_xlfn.XLOOKUP(TRIM(O3),nacionalidad!A:A,nacionalidad!B:B,"Por verificar")) -> NA | Z3: QLOO* | AA3: Sony Music Entertainment Chile S.A | AB3: 2 | AC3: 2 | AD3: 19 | AE3: 1671001
A4: Argentina | B4: 45967 | C4: noviembre_2025 | D4: 3 | E4: Rels B | F4: Rels B | G4: NA | H4: NA | I4: NA | J4: NA | K4: NA | L4: NA | M4: NA | N4: NA | O4: NA | P4: =IF(F4="NA","NA",_xlfn.XLOOKUP(TRIM(F4),nacionalidad!A:A,nacionalidad!B:B,"Por verificar")) -> España | Q4: =IF(G4="NA","NA",_xlfn.XLOOKUP(TRIM(G4),nacionalidad!A:A,nacionalidad!B:B,"Por verificar")) -> NA | R4: =IF(H4="NA","NA",_xlfn.XLOOKUP(TRIM(H4),nacionalidad!A:A,nacionalidad!B:B,"Por verificar")) -> NA | S4: =IF(I4="NA","NA",_xlfn.XLOOKUP(TRIM(I4),nacionalidad!A:A,nacionalidad!B:B,"Por verificar")) -> NA | T4: =IF(J4="NA","NA",_xlfn.XLOOKUP(TRIM(J4),nacionalidad!A:A,nacionalidad!B:B,"Por verificar")) -> NA | U4: =IF(K4="NA","NA",_xlfn.XLOOKUP(TRIM(K4),nacionalidad!A:A,nacionalidad!B:B,"Por verificar")) -> NA | V4: =IF(L4="NA","NA",_xlfn.XLOOKUP(TRIM(L4),nacionalidad!A:A,nacionalidad!B:B,"Por verificar")) -> NA | W4: =IF(M4="NA","NA",_xlfn.XLOOKUP(TRIM(M4),nacionalidad!A:A,nacionalidad!B:B,"Por verificar")) -> NA | ... Y4: =IF(O4="NA","NA",_xlfn.XLOOKUP(TRIM(O4),nacionalidad!A:A,nacionalidad!B:B,"Por verificar")) -> NA | Z4: TU VAS SIN (fav) | AA4: DALE PLAY Records / Flakk Team | AB4: 3 | AC4: 3 | AD4: 16 | AE4: 1522062
A5: Argentina | B5: 45967 | C5: noviembre_2025 | D5: 4 | E5: Ovy On The Drums, Quevedo, Beéle | F5: Ovy On The Drums | G5: Quevedo | H5: Beéle | I5: NA | J5: NA | K5: NA | L5: NA | M5: NA | N5: NA | O5: NA | P5: =IF(F5="NA","NA",_xlfn.XLOOKUP(TRIM(F5),nacionalidad!A:A,nacionalidad!B:B,"Por verificar")) -> Colombia | Q5: =IF(G5="NA","NA",_xlfn.XLOOKUP(TRIM(G5),nacionalidad!A:A,nacionalidad!B:B,"Por verificar")) -> España | R5: =IF(H5="NA","NA",_xlfn.XLOOKUP(TRIM(H5),nacionalidad!A:A,nacionalidad!B:B,"Por verificar")) -> Colombia | S5: =IF(I5="NA","NA",_xlfn.XLOOKUP(TRIM(I5),nacionalidad!A:A,nacionalidad!B:B,"Por verificar")) -> NA | T5: =IF(J5="NA","NA",_xlfn.XLOOKUP(TRIM(J5),nacionalidad!A:A,nacionalidad!B:B,"Por verificar")) -> NA | U5: =IF(K5="NA","NA",_xlfn.XLOOKUP(TRIM(K5),nacionalidad!A:A,nacionalidad!B:B,"Por verificar")) -> NA | V5: =IF(L5="NA","NA",_xlfn.XLOOKUP(TRIM(L5),nacionalidad!A:A,nacionalidad!B:B,"Por verificar")) -> NA | W5: =IF(M5="NA","NA",_xlfn.XLOOKUP(TRIM(M5),nacionalidad!A:A,nacionalidad!B:B,"Por verificar")) -> NA | ... Y5: =IF(O5="NA","NA",_xlfn.XLOOKUP(TRIM(O5),nacionalidad!A:A,nacionalidad!B:B,"Por verificar")) -> NA | Z5: YO y TÚ | AA5: WEA Latina | AB5: 4 | AC5: 7 | AD5: 21 | AE5: 1388321
A6: Argentina | B6: 45967 | C6: noviembre_2025 | D6: 5 | E6: Jere Klein, Katteyes, Mateo on the Beatz | F6: Jere Klein | G6: Katteyes | H6: Mateo on the Beatz | I6: NA | J6: NA | K6: NA | L6: NA | M6: NA | N6: NA | O6: NA | P6: =IF(F6="NA","NA",_xlfn.XLOOKUP(TRIM(F6),nacionalidad!A:A,nacionalidad!B:B,"Por verificar")) -> Chile | Q6: =IF(G6="NA","NA",_xlfn.XLOOKUP(TRIM(G6),nacionalidad!A:A,nacionalidad!B:B,"Por verificar")) -> Chile | R6: =IF(H6="NA","NA",_xlfn.XLOOKUP(TRIM(H6),nacionalidad!A:A,nacionalidad!B:B,"Por verificar")) -> Chile | S6: =IF(I6="NA","NA",_xlfn.XLOOKUP(TRIM(I6),nacionalidad!A:A,nacionalidad!B:B,"Por verificar")) -> NA | T6: =IF(J6="NA","NA",_xlfn.XLOOKUP(TRIM(J6),nacionalidad!A:A,nacionalidad!B:B,"Por verificar")) -> NA | U6: =IF(K6="NA","NA",_xlfn.XLOOKUP(TRIM(K6),nacionalidad!A:A,nacionalidad!B:B,"Por verificar")) -> NA | V6: =IF(L6="NA","NA",_xlfn.XLOOKUP(TRIM(L6),nacionalidad!A:A,nacionalidad!B:B,"Por verificar")) -> NA | W6: =IF(M6="NA","NA",_xlfn.XLOOKUP(TRIM(M6),nacionalidad!A:A,nacionalidad!B:B,"Por verificar")) -> NA | ... Y6: =IF(O6="NA","NA",_xlfn.XLOOKUP(TRIM(O6),nacionalidad!A:A,nacionalidad!B:B,"Por verificar")) -> NA | Z6: TODO KE VER | AA6: 2025 JERE KLEIN | AB6: 3 | AC6: 5 | AD6: 12 | AE6: 1339339
A7: Argentina | B7: 45967 | C7: noviembre_2025 | D7: 6 | E7: Milo j | F7: Milo j | G7: NA | H7: NA | I7: NA | J7: NA | K7: NA | L7: NA | M7: NA | N7: NA | O7: NA | P7: =IF(F7="NA","NA",_xlfn.XLOOKUP(TRIM(F7),nacionalidad!A:A,nacionalidad!B:B,"Por verificar")) -> Argentina | Q7: =IF(G7="NA","NA",_xlfn.XLOOKUP(TRIM(G7),nacionalidad!A:A,nacionalidad!B:B,"Por verificar")) -> NA | R7: =IF(H7="NA","NA",_xlfn.XLOOKUP(TRIM(H7),nacionalidad!A:A,nacionalidad!B:B,"Por verificar")) -> NA | S7: =IF(I7="NA","NA",_xlfn.XLOOKUP(TRIM(I7),nacionalidad!A:A,nacionalidad!B:B,"Por verificar")) -> NA | T7: =IF(J7="NA","NA",_xlfn.XLOOKUP(TRIM(J7),nacionalidad!A:A,nacionalidad!B:B,"Por verificar")) -> NA | U7: =IF(K7="NA","NA",_xlfn.XLOOKUP(TRIM(K7),nacionalidad!A:A,nacionalidad!B:B,"Por verificar")) -> NA | V7: =IF(L7="NA","NA",_xlfn.XLOOKUP(TRIM(L7),nacionalidad!A:A,nacionalidad!B:B,"Por verificar")) -> NA | W7: =IF(M7="NA","NA",_xlfn.XLOOKUP(TRIM(M7),nacionalidad!A:A,nacionalidad!B:B,"Por verificar")) -> NA | ... Y7: =IF(O7="NA","NA",_xlfn.XLOOKUP(TRIM(O7),nacionalidad!A:A,nacionalidad!B:B,"Por verificar")) -> NA | Z7: Niño | AA7: Sony Music Latin | AB7: 6 | AC7: 6 | AD7: 6 | AE7: 1289728
A8: Argentina | B8: 45967 | C8: noviembre_2025 | D8: 7 | E8: W Sound, Beéle, Ovy On The Drums | F8: W Sound | G8: Beéle | H8: Ovy On The Drums | I8: NA | J8: NA | K8: NA | L8: NA | M8: NA | N8: NA | O8: NA | P8: =IF(F8="NA","NA",_xlfn.XLOOKUP(TRIM(F8),nacionalidad!A:A,nacionalidad!B:B,"Por verificar")) -> Colombia | Q8: =IF(G8="NA","NA",_xlfn.XLOOKUP(TRIM(G8),nacionalidad!A:A,nacionalidad!B:B,"Por verificar")) -> Colombia | R8: =IF(H8="NA","NA",_xlfn.XLOOKUP(TRIM(H8),nacionalidad!A:A,nacionalidad!B:B,"Por verificar")) -> Colombia | S8: =IF(I8="NA","NA",_xlfn.XLOOKUP(TRIM(I8),nacionalidad!A:A,nacionalidad!B:B,"Por verificar")) -> NA | T8: =IF(J8="NA","NA",_xlfn.XLOOKUP(TRIM(J8),nacionalidad!A:A,nacionalidad!B:B,"Por verificar")) -> NA | U8: =IF(K8="NA","NA",_xlfn.XLOOKUP(TRIM(K8),nacionalidad!A:A,nacionalidad!B:B,"Por verificar")) -> NA | V8: =IF(L8="NA","NA",_xlfn.XLOOKUP(TRIM(L8),nacionalidad!A:A,nacionalidad!B:B,"Por verificar")) -> NA | W8: =IF(M8="NA","NA",_xlfn.XLOOKUP(TRIM(M8),nacionalidad!A:A,nacionalidad!B:B,"Por verificar")) -> NA | ... Y8: =IF(O8="NA","NA",_xlfn.XLOOKUP(TRIM(O8),nacionalidad!A:A,nacionalidad!B:B,"Por verificar")) -> NA | Z8: La Plena - W Sound 05 | AA8: WEA Latina | AB8: 1 | AC8: 4 | AD8: 36 | AE8: 1259847
A9: Argentina | B9: 45967 | C9: noviembre_2025 | D9: 8 | E9: Luck Ra, Miranda! | F9: Luck Ra | G9: Miranda! | H9: NA | I9: NA | J9: NA | K9: NA | L9: NA | M9: NA | N9: NA | O9: NA | P9: =IF(F9="NA","NA",_xlfn.XLOOKUP(TRIM(F9),nacionalidad!A:A,nacionalidad!B:B,"Por verificar")) -> Argentina | Q9: =IF(G9="NA","NA",_xlfn.XLOOKUP(TRIM(G9),nacionalidad!A:A,nacionalidad!B:B,"Por verificar")) -> Argentina | R9: =IF(H9="NA","NA",_xlfn.XLOOKUP(TRIM(H9),nacionalidad!A:A,nacionalidad!B:B,"Por verificar")) -> NA | S9: =IF(I9="NA","NA",_xlfn.XLOOKUP(TRIM(I9),nacionalidad!A:A,nacionalidad!B:B,"Por verificar")) -> NA | T9: =IF(J9="NA","NA",_xlfn.XLOOKUP(TRIM(J9),nacionalidad!A:A,nacionalidad!B:B,"Por verificar")) -> NA | U9: =IF(K9="NA","NA",_xlfn.XLOOKUP(TRIM(K9),nacionalidad!A:A,nacionalidad!B:B,"Por verificar")) -> NA | V9: =IF(L9="NA","NA",_xlfn.XLOOKUP(TRIM(L9),nacionalidad!A:A,nacionalidad!B:B,"Por verificar")) -> NA | W9: =IF(M9="NA","NA",_xlfn.XLOOKUP(TRIM(M9),nacionalidad!A:A,nacionalidad!B:B,"Por verificar")) -> NA | ... Y9: =IF(O9="NA","NA",_xlfn.XLOOKUP(TRIM(O9),nacionalidad!A:A,nacionalidad!B:B,"Por verificar")) -> NA | Z9: TU MISTERIOSO ALGUIEN (CUARTETO) (feat. Miranda!) | AA9: Sony Music Latin | AB9: 2 | AC9: 10 | AD9: 8 | AE9: 1145166
A10: Argentina | B10: 45967 | C10: noviembre_2025 | D10: 9 | E10: Maria Becerra, TINI, XROSS | F10: Maria Becerra | G10: TINI | H10: XROSS | I10: NA | J10: NA | K10: NA | L10: NA | M10: NA | N10: NA | O10: NA | P10: =IF(F10="NA","NA",_xlfn.XLOOKUP(TRIM(F10),nacionalidad!A:A,nacionalidad!B:B,"Por verificar")) -> Argentina | Q10: =IF(G10="NA","NA",_xlfn.XLOOKUP(TRIM(G10),nacionalidad!A:A,nacionalidad!B:B,"Por verificar")) -> Argentina | R10: =IF(H10="NA","NA",_xlfn.XLOOKUP(TRIM(H10),nacionalidad!A:A,nacionalidad!B:B,"Por verificar")) -> Argentina | S10: =IF(I10="NA","NA",_xlfn.XLOOKUP(TRIM(I10),nacionalidad!A:A,nacionalidad!B:B,"Por verificar")) -> NA | T10: =IF(J10="NA","NA",_xlfn.XLOOKUP(TRIM(J10),nacionalidad!A:A,nacionalidad!B:B,"Por verificar")) -> NA | U10: =IF(K10="NA","NA",_xlfn.XLOOKUP(TRIM(K10),nacionalidad!A:A,nacionalidad!B:B,"Por verificar")) -> NA | V10: =IF(L10="NA","NA",_xlfn.XLOOKUP(TRIM(L10),nacionalidad!A:A,nacionalidad!B:B,"Por verificar")) -> NA | W10: =IF(M10="NA","NA",_xlfn.XLOOKUP(TRIM(M10),nacionalidad!A:A,nacionalidad!B:B,"Por verificar")) -> NA | ... Y10: =IF(O10="NA","NA",_xlfn.XLOOKUP(TRIM(O10),nacionalidad!A:A,nacionalidad!B:B,"Por verificar")) -> NA | Z10: HASTA QUE ME ENAMORO | AA10: WEA Latina | AB10: 9 | AC10: 24 | AD10: 7 | AE10: 1144903
A11: Argentina | B11: 45967 | C11: noviembre_2025 | D11: 10 | E11: Easykid, Dysbit | F11: Easykid | G11: Dysbit | H11: NA | I11: NA | J11: NA | K11: NA | L11: NA | M11: NA | N11: NA | O11: NA | P11: =IF(F11="NA","NA",_xlfn.XLOOKUP(TRIM(F11),nacionalidad!A:A,nacionalidad!B:B,"Por verificar")) -> Chile | Q11: =IF(G11="NA","NA",_xlfn.XLOOKUP(TRIM(G11),nacionalidad!A:A,nacionalidad!B:B,"Por verificar")) -> Chile | R11: =IF(H11="NA","NA",_xlfn.XLOOKUP(TRIM(H11),nacionalidad!A:A,nacionalidad!B:B,"Por verificar")) -> NA | S11: =IF(I11="NA","NA",_xlfn.XLOOKUP(TRIM(I11),nacionalidad!A:A,nacionalidad!B:B,"Por verificar")) -> NA | T11: =IF(J11="NA","NA",_xlfn.XLOOKUP(TRIM(J11),nacionalidad!A:A,nacionalidad!B:B,"Por verificar")) -> NA | U11: =IF(K11="NA","NA",_xlfn.XLOOKUP(TRIM(K11),nacionalidad!A:A,nacionalidad!B:B,"Por verificar")) -> NA | V11: =IF(L11="NA","NA",_xlfn.XLOOKUP(TRIM(L11),nacionalidad!A:A,nacionalidad!B:B,"Por verificar")) -> NA | W11: =IF(M11="NA","NA",_xlfn.XLOOKUP(TRIM(M11),nacionalidad!A:A,nacionalidad!B:B,"Por verificar")) -> NA | ... Y11: =IF(O11="NA","NA",_xlfn.XLOOKUP(TRIM(O11),nacionalidad!A:A,nacionalidad!B:B,"Por verificar")) -> NA | Z11: Shiny | AA11: Easykid | AB11: 6 | AC11: 9 | AD11: 9 | AE11: 1137150
A12: Argentina | B12: 45967 | C12: noviembre_2025 | D12: 11 | E12: Myke Towers, Quevedo | F12: Myke Towers | G12: Quevedo | H12: NA | I12: NA | J12: NA | K12: NA | L12: NA | M12: NA | N12: NA | O12: NA | P12: =IF(F12="NA","NA",_xlfn.XLOOKUP(TRIM(F12),nacionalidad!A:A,nacionalidad!B:B,"Por verificar")) -> Puerto Rico | Q12: =IF(G12="NA","NA",_xlfn.XLOOKUP(TRIM(G12),nacionalidad!A:A,nacionalidad!B:B,"Por verificar")) -> España | R12: =IF(H12="NA","NA",_xlfn.XLOOKUP(TRIM(H12),nacionalidad!A:A,nacionalidad!B:B,"Por verificar")) -> NA | S12: =IF(I12="NA","NA",_xlfn.XLOOKUP(TRIM(I12),nacionalidad!A:A,nacionalidad!B:B,"Por verificar")) -> NA | T12: =IF(J12="NA","NA",_xlfn.XLOOKUP(TRIM(J12),nacionalidad!A:A,nacionalidad!B:B,"Por verificar")) -> NA | U12: =IF(K12="NA","NA",_xlfn.XLOOKUP(TRIM(K12),nacionalidad!A:A,nacionalidad!B:B,"Por verificar")) -> NA | V12: =IF(L12="NA","NA",_xlfn.XLOOKUP(TRIM(L12),nacionalidad!A:A,nacionalidad!B:B,"Por verificar")) -> NA | W12: =IF(M12="NA","NA",_xlfn.XLOOKUP(TRIM(M12),nacionalidad!A:A,nacionalidad!B:B,"Por verificar")) -> NA | ... Y12: =IF(O12="NA","NA",_xlfn.XLOOKUP(TRIM(O12),nacionalidad!A:A,nacionalidad!B:B,"Por verificar")) -> NA | Z12: SOLEAO | AA12: WEA Latina | AB12: 4 | AC12: 11 | AD12: 23 | AE12: 1075097
A13: Argentina | B13: 45967 | C13: noviembre_2025 | D13: 12 | E13: Miranda! | F13: Miranda! | G13: NA | H13: NA | I13: NA | J13: NA | K13: NA | L13: NA | M13: NA | N13: NA | O13: NA | P13: =IF(F13="NA","NA",_xlfn.XLOOKUP(TRIM(F13),nacionalidad!A:A,nacionalidad!B:B,"Por verificar")) -> Argentina | Q13: =IF(G13="NA","NA",_xlfn.XLOOKUP(TRIM(G13),nacionalidad!A:A,nacionalidad!B:B,"Por verificar")) -> NA | R13: =IF(H13="NA","NA",_xlfn.XLOOKUP(TRIM(H13),nacionalidad!A:A,nacionalidad!B:B,"Por verificar")) -> NA | S13: =IF(I13="NA","NA",_xlfn.XLOOKUP(TRIM(I13),nacionalidad!A:A,nacionalidad!B:B,"Por verificar")) -> NA | T13: =IF(J13="NA","NA",_xlfn.XLOOKUP(TRIM(J13),nacionalidad!A:A,nacionalidad!B:B,"Por verificar")) -> NA | U13: =IF(K13="NA","NA",_xlfn.XLOOKUP(TRIM(K13),nacionalidad!A:A,nacionalidad!B:B,"Por verificar")) -> NA | V13: =IF(L13="NA","NA",_xlfn.XLOOKUP(TRIM(L13),nacionalidad!A:A,nacionalidad!B:B,"Por verificar")) -> NA | W13: =IF(M13="NA","NA",_xlfn.XLOOKUP(TRIM(M13),nacionalidad!A:A,nacionalidad!B:B,"Por verificar")) -> NA | ... Y13: =IF(O13="NA","NA",_xlfn.XLOOKUP(TRIM(O13),nacionalidad!A:A,nacionalidad!B:B,"Por verificar")) -> NA | Z13: Tu Misterioso Alguien | AA13: Pelo Music | AB13: 1 | AC13: 12 | AD13: 17 | AE13: 1059313
... A29: Argentina | B29: 45967 | C29: noviembre_2025 | D29: 28 | E29: Milo j, Trueno | F29: Milo j | G29: Trueno | H29: NA | I29: NA | J29: NA | K29: NA | L29: NA | M29: NA | N29: NA | O29: NA | P29: =IF(F29="NA","NA",_xlfn.XLOOKUP(TRIM(F29),nacionalidad!A:A,nacionalidad!B:B,"Por verificar")) -> Argentina | Q29: =IF(G29="NA","NA",_xlfn.XLOOKUP(TRIM(G29),nacionalidad!A:A,nacionalidad!B:B,"Por verificar")) -> Argentina | R29: =IF(H29="NA","NA",_xlfn.XLOOKUP(TRIM(H29),nacionalidad!A:A,nacionalidad!B:B,"Por verificar")) -> NA | S29: =IF(I29="NA","NA",_xlfn.XLOOKUP(TRIM(I29),nacionalidad!A:A,nacionalidad!B:B,"Por verificar")) -> NA | T29: =IF(J29="NA","NA",_xlfn.XLOOKUP(TRIM(J29),nacionalidad!A:A,nacionalidad!B:B,"Por verificar")) -> NA | U29: =IF(K29="NA","NA",_xlfn.XLOOKUP(TRIM(K29),nacionalidad!A:A,nacionalidad!B:B,"Por verificar")) -> NA | V29: =IF(L29="NA","NA",_xlfn.XLOOKUP(TRIM(L29),nacionalidad!A:A,nacionalidad!B:B,"Por verificar")) -> NA | W29: =IF(M29="NA","NA",_xlfn.XLOOKUP(TRIM(M29),nacionalidad!A:A,nacionalidad!B:B,"Por verificar")) -> NA | ... Y29: =IF(O29="NA","NA",_xlfn.XLOOKUP(TRIM(O29),nacionalidad!A:A,nacionalidad!B:B,"Por verificar")) -> NA | Z29: Gil | AA29: Sony Music Latin | AB29: 17 | AC29: 20 | AD29: 6 | AE29: 815243
A30: Argentina | B30: 45967 | C30: noviembre_2025 | D30: 29 | E30: Yan Block, Panda Black | F30: Yan Block | G30: Panda Black | H30: NA | I30: NA | J30: NA | K30: NA | L30: NA | M30: NA | N30: NA | O30: NA | P30: =IF(F30="NA","NA",_xlfn.XLOOKUP(TRIM(F30),nacionalidad!A:A,nacionalidad!B:B,"Por verificar")) -> Puerto Rico | Q30: =IF(G30="NA","NA",_xlfn.XLOOKUP(TRIM(G30),nacionalidad!A:A,nacionalidad!B:B,"Por verificar")) -> Puerto Rico | R30: =IF(H30="NA","NA",_xlfn.XLOOKUP(TRIM(H30),nacionalidad!A:A,nacionalidad!B:B,"Por verificar")) -> NA | S30: =IF(I30="NA","NA",_xlfn.XLOOKUP(TRIM(I30),nacionalidad!A:A,nacionalidad!B:B,"Por verificar")) -> NA | T30: =IF(J30="NA","NA",_xlfn.XLOOKUP(TRIM(J30),nacionalidad!A:A,nacionalidad!B:B,"Por verificar")) -> NA | U30: =IF(K30="NA","NA",_xlfn.XLOOKUP(TRIM(K30),nacionalidad!A:A,nacionalidad!B:B,"Por verificar")) -> NA | V30: =IF(L30="NA","NA",_xlfn.XLOOKUP(TRIM(L30),nacionalidad!A:A,nacionalidad!B:B,"Por verificar")) -> NA | W30: =IF(M30="NA","NA",_xlfn.XLOOKUP(TRIM(M30),nacionalidad!A:A,nacionalidad!B:B,"Por verificar")) -> NA | ... Y30: =IF(O30="NA","NA",_xlfn.XLOOKUP(TRIM(O30),nacionalidad!A:A,nacionalidad!B:B,"Por verificar")) -> NA | Z30: 444 | AA30: SONAR LLC. | AB30: 25 | AC30: 33 | AD30: 39 | AE30: 812654
A31: Argentina | B31: 45967 | C31: noviembre_2025 | D31: 30 | E31: TINI | F31: TINI | G31: NA | H31: NA | I31: NA | J31: NA | K31: NA | L31: NA | M31: NA | N31: NA | O31: NA | P31: =IF(F31="NA","NA",_xlfn.XLOOKUP(TRIM(F31),nacionalidad!A:A,nacionalidad!B:B,"Por verificar")) -> Argentina | Q31: =IF(G31="NA","NA",_xlfn.XLOOKUP(TRIM(G31),nacionalidad!A:A,nacionalidad!B:B,"Por verificar")) -> NA | R31: =IF(H31="NA","NA",_xlfn.XLOOKUP(TRIM(H31),nacionalidad!A:A,nacionalidad!B:B,"Por verificar")) -> NA | S31: =IF(I31="NA","NA",_xlfn.XLOOKUP(TRIM(I31),nacionalidad!A:A,nacionalidad!B:B,"Por verificar")) -> NA | T31: =IF(J31="NA","NA",_xlfn.XLOOKUP(TRIM(J31),nacionalidad!A:A,nacionalidad!B:B,"Por verificar")) -> NA | U31: =IF(K31="NA","NA",_xlfn.XLOOKUP(TRIM(K31),nacionalidad!A:A,nacionalidad!B:B,"Por verificar")) -> NA | V31: =IF(L31="NA","NA",_xlfn.XLOOKUP(TRIM(L31),nacionalidad!A:A,nacionalidad!B:B,"Por verificar")) -> NA | W31: =IF(M31="NA","NA",_xlfn.XLOOKUP(TRIM(M31),nacionalidad!A:A,nacionalidad!B:B,"Por verificar")) -> NA | ... Y31: =IF(O31="NA","NA",_xlfn.XLOOKUP(TRIM(O31),nacionalidad!A:A,nacionalidad!B:B,"Por verificar")) -> NA | Z31: Una Noche Más | AA31: 5020 Records | AB31: 27 | AC31: 28 | AD31: 4 | AE31: 812462
A32: Argentina | B32: 45967 | C32: noviembre_2025 | D32: 31 | E32: Bad Bunny, Ozuna, Farruko, Arcángel, Ñengo Flow, DJ Luian, Mambo Kingz | F32: Bad Bunny | G32: Ozuna | H32: Farruko | I32: Arcángel | J32: Ñengo Flow | K32: DJ Luian | L32: Mambo Kingz | M32: NA | N32: NA | O32: NA | P32: =IF(F32="NA","NA",_xlfn.XLOOKUP(TRIM(F32),nacionalidad!A:A,nacionalidad!B:B,"Por verificar")) -> Puerto Rico | Q32: =IF(G32="NA","NA",_xlfn.XLOOKUP(TRIM(G32),nacionalidad!A:A,nacionalidad!B:B,"Por verificar")) -> Puerto Rico | R32: =IF(H32="NA","NA",_xlfn.XLOOKUP(TRIM(H32),nacionalidad!A:A,nacionalidad!B:B,"Por verificar")) -> Puerto Rico | S32: =IF(I32="NA","NA",_xlfn.XLOOKUP(TRIM(I32),nacionalidad!A:A,nacionalidad!B:B,"Por verificar")) -> Puerto Rico | T32: =IF(J32="NA","NA",_xlfn.XLOOKUP(TRIM(J32),nacionalidad!A:A,nacionalidad!B:B,"Por verificar")) -> Puerto Rico | U32: =IF(K32="NA","NA",_xlfn.XLOOKUP(TRIM(K32),nacionalidad!A:A,nacionalidad!B:B,"Por verificar")) -> Puerto Rico | V32: =IF(L32="NA","NA",_xlfn.XLOOKUP(TRIM(L32),nacionalidad!A:A,nacionalidad!B:B,"Por verificar")) -> Puerto Rico | W32: =IF(M32="NA","NA",_xlfn.XLOOKUP(TRIM(M32),nacionalidad!A:A,nacionalidad!B:B,"Por verificar")) -> NA | ... Y32: =IF(O32="NA","NA",_xlfn.XLOOKUP(TRIM(O32),nacionalidad!A:A,nacionalidad!B:B,"Por verificar")) -> NA | Z32: Diles | AA32: Rimas Entertainment LLC | AB32: 25 | AC32: 25 | AD32: 93 | AE32: 810284
A33: Argentina | B33: 45967 | C33: noviembre_2025 | D33: 32 | E33: Rauw Alejandro, Bad Bunny | F33: Rauw Alejandro | G33: Bad Bunny | H33: NA | I33: NA | J33: NA | K33: NA | L33: NA | M33: NA | N33: NA | O33: NA | P33: =IF(F33="NA","NA",_xlfn.XLOOKUP(TRIM(F33),nacionalidad!A:A,nacionalidad!B:B,"Por verificar")) -> Puerto Rico | Q33: =IF(G33="NA","NA",_xlfn.XLOOKUP(TRIM(G33),nacionalidad!A:A,nacionalidad!B:B,"Por verificar")) -> Puerto Rico | R33: =IF(H33="NA","NA",_xlfn.XLOOKUP(TRIM(H33),nacionalidad!A:A,nacionalidad!B:B,"Por verificar")) -> NA | S33: =IF(I33="NA","NA",_xlfn.XLOOKUP(TRIM(I33),nacionalidad!A:A,nacionalidad!B:B,"Por verificar")) -> NA | T33: =IF(J33="NA","NA",_xlfn.XLOOKUP(TRIM(J33),nacionalidad!A:A,nacionalidad!B:B,"Por verificar")) -> NA | U33: =IF(K33="NA","NA",_xlfn.XLOOKUP(TRIM(K33),nacionalidad!A:A,nacionalidad!B:B,"Por verificar")) -> NA | V33: =IF(L33="NA","NA",_xlfn.XLOOKUP(TRIM(L33),nacionalidad!A:A,nacionalidad!B:B,"Por verificar")) -> NA | W33: =IF(M33="NA","NA",_xlfn.XLOOKUP(TRIM(M33),nacionalidad!A:A,nacionalidad!B:B,"Por verificar")) -> NA | ... Y33: =IF(O33="NA","NA",_xlfn.XLOOKUP(TRIM(O33),nacionalidad!A:A,nacionalidad!B:B,"Por verificar")) -> NA | Z33: Qué Pasaría... | AA33: Sony Music Latin/Duars Entertainment | AB33: 14 | AC33: 22 | AD33: 51 | AE33: 810026
A34: Argentina | B34: 45967 | C34: noviembre_2025 | D34: 33 | E34: Tiago PZK, Ke Personajes | F34: Tiago PZK | G34: Ke Personajes | H34: NA | I34: NA | J34: NA | K34: NA | L34: NA | M34: NA | N34: NA | O34: NA | P34: =IF(F34="NA","NA",_xlfn.XLOOKUP(TRIM(F34),nacionalidad!A:A,nacionalidad!B:B,"Por verificar")) -> Argentina | Q34: =IF(G34="NA","NA",_xlfn.XLOOKUP(TRIM(G34),nacionalidad!A:A,nacionalidad!B:B,"Por verificar")) -> Argentina | R34: =IF(H34="NA","NA",_xlfn.XLOOKUP(TRIM(H34),nacionalidad!A:A,nacionalidad!B:B,"Por verificar")) -> NA | S34: =IF(I34="NA","NA",_xlfn.XLOOKUP(TRIM(I34),nacionalidad!A:A,nacionalidad!B:B,"Por verificar")) -> NA | T34: =IF(J34="NA","NA",_xlfn.XLOOKUP(TRIM(J34),nacionalidad!A:A,nacionalidad!B:B,"Por verificar")) -> NA | U34: =IF(K34="NA","NA",_xlfn.XLOOKUP(TRIM(K34),nacionalidad!A:A,nacionalidad!B:B,"Por verificar")) -> NA | V34: =IF(L34="NA","NA",_xlfn.XLOOKUP(TRIM(L34),nacionalidad!A:A,nacionalidad!B:B,"Por verificar")) -> NA | W34: =IF(M34="NA","NA",_xlfn.XLOOKUP(TRIM(M34),nacionalidad!A:A,nacionalidad!B:B,"Por verificar")) -> NA | ... Y34: =IF(O34="NA","NA",_xlfn.XLOOKUP(TRIM(O34),nacionalidad!A:A,nacionalidad!B:B,"Por verificar")) -> NA | Z34: Piel | AA34: WEA Latina | AB34: 2 | AC34: 40 | AD34: 92 | AE34: 805683
A35: Argentina | B35: 45967 | C35: noviembre_2025 | D35: 34 | E35: Yan Block, TORRRES | F35: Yan Block | G35: TORRRES | H35: NA | I35: NA | J35: NA | K35: NA | L35: NA | M35: NA | N35: NA | O35: NA | P35: =IF(F35="NA","NA",_xlfn.XLOOKUP(TRIM(F35),nacionalidad!A:A,nacionalidad!B:B,"Por verificar")) -> Puerto Rico | Q35: =IF(G35="NA","NA",_xlfn.XLOOKUP(TRIM(G35),nacionalidad!A:A,nacionalidad!B:B,"Por verificar")) -> Puerto Rico | R35: =IF(H35="NA","NA",_xlfn.XLOOKUP(TRIM(H35),nacionalidad!A:A,nacionalidad!B:B,"Por verificar")) -> NA | S35: =IF(I35="NA","NA",_xlfn.XLOOKUP(TRIM(I35),nacionalidad!A:A,nacionalidad!B:B,"Por verificar")) -> NA | T35: =IF(J35="NA","NA",_xlfn.XLOOKUP(TRIM(J35),nacionalidad!A:A,nacionalidad!B:B,"Por verificar")) -> NA | U35: =IF(K35="NA","NA",_xlfn.XLOOKUP(TRIM(K35),nacionalidad!A:A,nacionalidad!B:B,"Por verificar")) -> NA | V35: =IF(L35="NA","NA",_xlfn.XLOOKUP(TRIM(L35),nacionalidad!A:A,nacionalidad!B:B,"Por verificar")) -> NA | W35: =IF(M35="NA","NA",_xlfn.XLOOKUP(TRIM(M35),nacionalidad!A:A,nacionalidad!B:B,"Por verificar")) -> NA | ... Y35: =IF(O35="NA","NA",_xlfn.XLOOKUP(TRIM(O35),nacionalidad!A:A,nacionalidad!B:B,"Por verificar")) -> NA | Z35: Yo sé | AA35: SONAR LLC. | AB35: 11 | AC35: 36 | AD35: 44 | AE35: 771312
A36: Argentina | B36: 45967 | C36: noviembre_2025 | D36: 35 | E36: Plan B | F36: Plan B | G36: NA | H36: NA | I36: NA | J36: NA | K36: NA | L36: NA | M36: NA | N36: NA | O36: NA | P36: =IF(F36="NA","NA",_xlfn.XLOOKUP(TRIM(F36),nacionalidad!A:A,nacionalidad!B:B,"Por verificar")) -> Puerto Rico | Q36: =IF(G36="NA","NA",_xlfn.XLOOKUP(TRIM(G36),nacionalidad!A:A,nacionalidad!B:B,"Por verificar")) -> NA | R36: =IF(H36="NA","NA",_xlfn.XLOOKUP(TRIM(H36),nacionalidad!A:A,nacionalidad!B:B,"Por verificar")) -> NA | S36: =IF(I36="NA","NA",_xlfn.XLOOKUP(TRIM(I36),nacionalidad!A:A,nacionalidad!B:B,"Por verificar")) -> NA | T36: =IF(J36="NA","NA",_xlfn.XLOOKUP(TRIM(J36),nacionalidad!A:A,nacionalidad!B:B,"Por verificar")) -> NA | U36: =IF(K36="NA","NA",_xlfn.XLOOKUP(TRIM(K36),nacionalidad!A:A,nacionalidad!B:B,"Por verificar")) -> NA | V36: =IF(L36="NA","NA",_xlfn.XLOOKUP(TRIM(L36),nacionalidad!A:A,nacionalidad!B:B,"Por verificar")) -> NA | W36: =IF(M36="NA","NA",_xlfn.XLOOKUP(TRIM(M36),nacionalidad!A:A,nacionalidad!B:B,"Por verificar")) -> NA | ... Y36: =IF(O36="NA","NA",_xlfn.XLOOKUP(TRIM(O36),nacionalidad!A:A,nacionalidad!B:B,"Por verificar")) -> NA | Z36: Es un Secreto | AA36: Pina Records | AB36: 28 | AC36: 34 | AD36: 156 | AE36: 766215
A37: Argentina | B37: 45967 | C37: noviembre_2025 | D37: 36 | E37: Emilia, TINI, Nicki Nicole | F37: Emilia | G37: TINI | H37: Nicki Nicole | I37: NA | J37: NA | K37: NA | L37: NA | M37: NA | N37: NA | O37: NA | P37: =IF(F37="NA","NA",_xlfn.XLOOKUP(TRIM(F37),nacionalidad!A:A,nacionalidad!B:B,"Por verificar")) -> Argentina | Q37: =IF(G37="NA","NA",_xlfn.XLOOKUP(TRIM(G37),nacionalidad!A:A,nacionalidad!B:B,"Por verificar")) -> Argentina | R37: =IF(H37="NA","NA",_xlfn.XLOOKUP(TRIM(H37),nacionalidad!A:A,nacionalidad!B:B,"Por verificar")) -> Argentina | S37: =IF(I37="NA","NA",_xlfn.XLOOKUP(TRIM(I37),nacionalidad!A:A,nacionalidad!B:B,"Por verificar")) -> NA | T37: =IF(J37="NA","NA",_xlfn.XLOOKUP(TRIM(J37),nacionalidad!A:A,nacionalidad!B:B,"Por verificar")) -> NA | U37: =IF(K37="NA","NA",_xlfn.XLOOKUP(TRIM(K37),nacionalidad!A:A,nacionalidad!B:B,"Por verificar")) -> NA | V37: =IF(L37="NA","NA",_xlfn.XLOOKUP(TRIM(L37),nacionalidad!A:A,nacionalidad!B:B,"Por verificar")) -> NA | W37: =IF(M37="NA","NA",_xlfn.XLOOKUP(TRIM(M37),nacionalidad!A:A,nacionalidad!B:B,"Por verificar")) -> NA | ... Y37: =IF(O37="NA","NA",_xlfn.XLOOKUP(TRIM(O37),nacionalidad!A:A,nacionalidad!B:B,"Por verificar")) -> NA | Z37: blackout 🧊 | AA37: Sony Music Latin | AB37: 1 | AC37: 44 | AD37: 33 | AE37: 747108
A38: Argentina | B38: 45967 | C38: noviembre_2025 | D38: 37 | E38: Plan B | F38: Plan B | G38: NA | H38: NA | I38: NA | J38: NA | K38: NA | L38: NA | M38: NA | N38: NA | O38: NA | P38: =IF(F38="NA","NA",_xlfn.XLOOKUP(TRIM(F38),nacionalidad!A:A,nacionalidad!B:B,"Por verificar")) -> Puerto Rico | Q38: =IF(G38="NA","NA",_xlfn.XLOOKUP(TRIM(G38),nacionalidad!A:A,nacionalidad!B:B,"Por verificar")) -> NA | R38: =IF(H38="NA","NA",_xlfn.XLOOKUP(TRIM(H38),nacionalidad!A:A,nacionalidad!B:B,"Por verificar")) -> NA | S38: =IF(I38="NA","NA",_xlfn.XLOOKUP(TRIM(I38),nacionalidad!A:A,nacionalidad!B:B,"Por verificar")) -> NA | T38: =IF(J38="NA","NA",_xlfn.XLOOKUP(TRIM(J38),nacionalidad!A:A,nacionalidad!B:B,"Por verificar")) -> NA | U38: =IF(K38="NA","NA",_xlfn.XLOOKUP(TRIM(K38),nacionalidad!A:A,nacionalidad!B:B,"Por verificar")) -> NA | V38: =IF(L38="NA","NA",_xlfn.XLOOKUP(TRIM(L38),nacionalidad!A:A,nacionalidad!B:B,"Por verificar")) -> NA | W38: =IF(M38="NA","NA",_xlfn.XLOOKUP(TRIM(M38),nacionalidad!A:A,nacionalidad!B:B,"Por verificar")) -> NA | ... Y38: =IF(O38="NA","NA",_xlfn.XLOOKUP(TRIM(O38),nacionalidad!A:A,nacionalidad!B:B,"Por verificar")) -> NA | Z38: Fronteo | AA38: Pina Records | AB38: 9 | AC38: 63 | AD38: 21 | AE38: 744733
A39: Argentina | B39: 45967 | C39: noviembre_2025 | D39: 38 | E39: Beéle, Ovy On The Drums | F39: Beéle | G39: Ovy On The Drums | H39: NA | I39: NA | J39: NA | K39: NA | L39: NA | M39: NA | N39: NA | O39: NA | P39: =IF(F39="NA","NA",_xlfn.XLOOKUP(TRIM(F39),nacionalidad!A:A,nacionalidad!B:B,"Por verificar")) -> Colombia | Q39: =IF(G39="NA","NA",_xlfn.XLOOKUP(TRIM(G39),nacionalidad!A:A,nacionalidad!B:B,"Por verificar")) -> Colombia | R39: =IF(H39="NA","NA",_xlfn.XLOOKUP(TRIM(H39),nacionalidad!A:A,nacionalidad!B:B,"Por verificar")) -> NA | S39: =IF(I39="NA","NA",_xlfn.XLOOKUP(TRIM(I39),nacionalidad!A:A,nacionalidad!B:B,"Por verificar")) -> NA | T39: =IF(J39="NA","NA",_xlfn.XLOOKUP(TRIM(J39),nacionalidad!A:A,nacionalidad!B:B,"Por verificar")) -> NA | U39: =IF(K39="NA","NA",_xlfn.XLOOKUP(TRIM(K39),nacionalidad!A:A,nacionalidad!B:B,"Por verificar")) -> NA | V39: =IF(L39="NA","NA",_xlfn.XLOOKUP(TRIM(L39),nacionalidad!A:A,nacionalidad!B:B,"Por verificar")) -> NA | W39: =IF(M39="NA","NA",_xlfn.XLOOKUP(TRIM(M39),nacionalidad!A:A,nacionalidad!B:B,"Por verificar")) -> NA | ... Y39: =IF(O39="NA","NA",_xlfn.XLOOKUP(TRIM(O39),nacionalidad!A:A,nacionalidad!B:B,"Por verificar")) -> NA | Z39: mi refe | AA39: 5020 Records | AB39: 20 | AC39: 21 | AD39: 44 | AE39: 724826
A40: Argentina | B40: 45967 | C40: noviembre_2025 | D40: 39 | E40: Beéle | F40: Beéle | G40: NA | H40: NA | I40: NA | J40: NA | K40: NA | L40: NA | M40: NA | N40: NA | O40: NA | P40: =IF(F40="NA","NA",_xlfn.XLOOKUP(TRIM(F40),nacionalidad!A:A,nacionalidad!B:B,"Por verificar")) -> Colombia | Q40: =IF(G40="NA","NA",_xlfn.XLOOKUP(TRIM(G40),nacionalidad!A:A,nacionalidad!B:B,"Por verificar")) -> NA | R40: =IF(H40="NA","NA",_xlfn.XLOOKUP(TRIM(H40),nacionalidad!A:A,nacionalidad!B:B,"Por verificar")) -> NA | S40: =IF(I40="NA","NA",_xlfn.XLOOKUP(TRIM(I40),nacionalidad!A:A,nacionalidad!B:B,"Por verificar")) -> NA | T40: =IF(J40="NA","NA",_xlfn.XLOOKUP(TRIM(J40),nacionalidad!A:A,nacionalidad!B:B,"Por verificar")) -> NA | U40: =IF(K40="NA","NA",_xlfn.XLOOKUP(TRIM(K40),nacionalidad!A:A,nacionalidad!B:B,"Por verificar")) -> NA | V40: =IF(L40="NA","NA",_xlfn.XLOOKUP(TRIM(L40),nacionalidad!A:A,nacionalidad!B:B,"Por verificar")) -> NA | W40: =IF(M40="NA","NA",_xlfn.XLOOKUP(TRIM(M40),nacionalidad!A:A,nacionalidad!B:B,"Por verificar")) -> NA | ... Y40: =IF(O40="NA","NA",_xlfn.XLOOKUP(TRIM(O40),nacionalidad!A:A,nacionalidad!B:B,"Por verificar")) -> NA | Z40: si te pillara | AA40: 5020 Records | AB40: 16 | AC40: 23 | AD40: 19 | AE40: 722748
A41: Argentina | B41: 45967 | C41: noviembre_2025 | D41: 40 | E41: Bad Bunny | F41: Bad Bunny | G41: NA | H41: NA | I41: NA | J41: NA | K41: NA | L41: NA | M41: NA | N41: NA | O41: NA | P41: =IF(F41="NA","NA",_xlfn.XLOOKUP(TRIM(F41),nacionalidad!A:A,nacionalidad!B:B,"Por verificar")) -> Puerto Rico | Q41: =IF(G41="NA","NA",_xlfn.XLOOKUP(TRIM(G41),nacionalidad!A:A,nacionalidad!B:B,"Por verificar")) -> NA | R41: =IF(H41="NA","NA",_xlfn.XLOOKUP(TRIM(H41),nacionalidad!A:A,nacionalidad!B:B,"Por verificar")) -> NA | S41: =IF(I41="NA","NA",_xlfn.XLOOKUP(TRIM(I41),nacionalidad!A:A,nacionalidad!B:B,"Por verificar")) -> NA | T41: =IF(J41="NA","NA",_xlfn.XLOOKUP(TRIM(J41),nacionalidad!A:A,nacionalidad!B:B,"Por verificar")) -> NA | U41: =IF(K41="NA","NA",_xlfn.XLOOKUP(TRIM(K41),nacionalidad!A:A,nacionalidad!B:B,"Por verificar")) -> NA | V41: =IF(L41="NA","NA",_xlfn.XLOOKUP(TRIM(L41),nacionalidad!A:A,nacionalidad!B:B,"Por verificar")) -> NA | W41: =IF(M41="NA","NA",_xlfn.XLOOKUP(TRIM(M41),nacionalidad!A:A,nacionalidad!B:B,"Por verificar")) -> NA | ... Y41: =IF(O41="NA","NA",_xlfn.XLOOKUP(TRIM(O41),nacionalidad!A:A,nacionalidad!B:B,"Por verificar")) -> NA | Z41: BAILE INoLVIDABLE | AA41: Rimas Entertainment LLC. | AB41: 1 | AC41: 32 | AD41: 44 | AE41: 716532
A42: Argentina | B42: 45967 | C42: noviembre_2025 | D42: 41 | E42: No Te Va Gustar, Juan Casanova | F42: No Te Va Gustar | G42: Juan Casanova | H42: NA | I42: NA | J42: NA | K42: NA | L42: NA | M42: NA | N42: NA | O42: NA | P42: =IF(F42="NA","NA",_xlfn.XLOOKUP(TRIM(F42),nacionalidad!A:A,nacionalidad!B:B,"Por verificar")) -> Uruguay | Q42: =IF(G42="NA","NA",_xlfn.XLOOKUP(TRIM(G42),nacionalidad!A:A,nacionalidad!B:B,"Por verificar")) -> Uruguay | R42: =IF(H42="NA","NA",_xlfn.XLOOKUP(TRIM(H42),nacionalidad!A:A,nacionalidad!B:B,"Por verificar")) -> NA | S42: =IF(I42="NA","NA",_xlfn.XLOOKUP(TRIM(I42),nacionalidad!A:A,nacionalidad!B:B,"Por verificar")) -> NA | T42: =IF(J42="NA","NA",_xlfn.XLOOKUP(TRIM(J42),nacionalidad!A:A,nacionalidad!B:B,"Por verificar")) -> NA | U42: =IF(K42="NA","NA",_xlfn.XLOOKUP(TRIM(K42),nacionalidad!A:A,nacionalidad!B:B,"Por verificar")) -> NA | V42: =IF(L42="NA","NA",_xlfn.XLOOKUP(TRIM(L42),nacionalidad!A:A,nacionalidad!B:B,"Por verificar")) -> NA | W42: =IF(M42="NA","NA",_xlfn.XLOOKUP(TRIM(M42),nacionalidad!A:A,nacionalidad!B:B,"Por verificar")) -> NA | ... Y42: =IF(O42="NA","NA",_xlfn.XLOOKUP(TRIM(O42),nacionalidad!A:A,nacionalidad!B:B,"Por verificar")) -> NA | Z42: Tan Lejos | AA42: Elefante Blanco | AB42: 28 | AC42: 35 | AD42: 171 | AE42: 711112
... A82: Argentina | B82: 45995 | C82: diciembre_2025 | D82: 31 | E82: ROSALÍA | F82: ROSALÍA | G82: NA | H82: NA | I82: NA | J82: NA | K82: NA | L82: NA | M82: NA | N82: NA | O82: NA | P82: =IF(F82="NA","NA",_xlfn.XLOOKUP(TRIM(F82),nacionalidad!A:A,nacionalidad!B:B,"Por verificar")) -> España | Q82: =IF(G82="NA","NA",_xlfn.XLOOKUP(TRIM(G82),nacionalidad!A:A,nacionalidad!B:B,"Por verificar")) -> NA | R82: =IF(H82="NA","NA",_xlfn.XLOOKUP(TRIM(H82),nacionalidad!A:A,nacionalidad!B:B,"Por verificar")) -> NA | S82: =IF(I82="NA","NA",_xlfn.XLOOKUP(TRIM(I82),nacionalidad!A:A,nacionalidad!B:B,"Por verificar")) -> NA | T82: =IF(J82="NA","NA",_xlfn.XLOOKUP(TRIM(J82),nacionalidad!A:A,nacionalidad!B:B,"Por verificar")) -> NA | U82: =IF(K82="NA","NA",_xlfn.XLOOKUP(TRIM(K82),nacionalidad!A:A,nacionalidad!B:B,"Por verificar")) -> NA | V82: =IF(L82="NA","NA",_xlfn.XLOOKUP(TRIM(L82),nacionalidad!A:A,nacionalidad!B:B,"Por verificar")) -> NA | W82: =IF(M82="NA","NA",_xlfn.XLOOKUP(TRIM(M82),nacionalidad!A:A,nacionalidad!B:B,"Por verificar")) -> NA | ... Y82: =IF(O82="NA","NA",_xlfn.XLOOKUP(TRIM(O82),nacionalidad!A:A,nacionalidad!B:B,"Por verificar")) -> NA | Z82: Sexo, Violencia y Llantas | AA82: Columbia | AB82: 31 | AC82: 160 | AD82: 4 | AE82: 814297
A83: Argentina | B83: 45995 | C83: diciembre_2025 | D83: 32 | E83: Yan Block, Panda Black | F83: Yan Block | G83: Panda Black | H83: NA | I83: NA | J83: NA | K83: NA | L83: NA | M83: NA | N83: NA | O83: NA | P83: =IF(F83="NA","NA",_xlfn.XLOOKUP(TRIM(F83),nacionalidad!A:A,nacionalidad!B:B,"Por verificar")) -> Puerto Rico | Q83: =IF(G83="NA","NA",_xlfn.XLOOKUP(TRIM(G83),nacionalidad!A:A,nacionalidad!B:B,"Por verificar")) -> Puerto Rico | R83: =IF(H83="NA","NA",_xlfn.XLOOKUP(TRIM(H83),nacionalidad!A:A,nacionalidad!B:B,"Por verificar")) -> NA | S83: =IF(I83="NA","NA",_xlfn.XLOOKUP(TRIM(I83),nacionalidad!A:A,nacionalidad!B:B,"Por verificar")) -> NA | T83: =IF(J83="NA","NA",_xlfn.XLOOKUP(TRIM(J83),nacionalidad!A:A,nacionalidad!B:B,"Por verificar")) -> NA | U83: =IF(K83="NA","NA",_xlfn.XLOOKUP(TRIM(K83),nacionalidad!A:A,nacionalidad!B:B,"Por verificar")) -> NA | V83: =IF(L83="NA","NA",_xlfn.XLOOKUP(TRIM(L83),nacionalidad!A:A,nacionalidad!B:B,"Por verificar")) -> NA | W83: =IF(M83="NA","NA",_xlfn.XLOOKUP(TRIM(M83),nacionalidad!A:A,nacionalidad!B:B,"Por verificar")) -> NA | ... Y83: =IF(O83="NA","NA",_xlfn.XLOOKUP(TRIM(O83),nacionalidad!A:A,nacionalidad!B:B,"Por verificar")) -> NA | Z83: 444 | AA83: SONAR LLC. | AB83: 24 | AC83: 31 | AD83: 43 | AE83: 764220
A84: Argentina | B84: 45995 | C84: diciembre_2025 | D84: 33 | E84: Taylor Swift | F84: Taylor Swift | G84: NA | H84: NA | I84: NA | J84: NA | K84: NA | L84: NA | M84: NA | N84: NA | O84: NA | P84: =IF(F84="NA","NA",_xlfn.XLOOKUP(TRIM(F84),nacionalidad!A:A,nacionalidad!B:B,"Por verificar")) -> Estados Unidos | Q84: =IF(G84="NA","NA",_xlfn.XLOOKUP(TRIM(G84),nacionalidad!A:A,nacionalidad!B:B,"Por verificar")) -> NA | R84: =IF(H84="NA","NA",_xlfn.XLOOKUP(TRIM(H84),nacionalidad!A:A,nacionalidad!B:B,"Por verificar")) -> NA | S84: =IF(I84="NA","NA",_xlfn.XLOOKUP(TRIM(I84),nacionalidad!A:A,nacionalidad!B:B,"Por verificar")) -> NA | T84: =IF(J84="NA","NA",_xlfn.XLOOKUP(TRIM(J84),nacionalidad!A:A,nacionalidad!B:B,"Por verificar")) -> NA | U84: =IF(K84="NA","NA",_xlfn.XLOOKUP(TRIM(K84),nacionalidad!A:A,nacionalidad!B:B,"Por verificar")) -> NA | V84: =IF(L84="NA","NA",_xlfn.XLOOKUP(TRIM(L84),nacionalidad!A:A,nacionalidad!B:B,"Por verificar")) -> NA | W84: =IF(M84="NA","NA",_xlfn.XLOOKUP(TRIM(M84),nacionalidad!A:A,nacionalidad!B:B,"Por verificar")) -> NA | ... Y84: =IF(O84="NA","NA",_xlfn.XLOOKUP(TRIM(O84),nacionalidad!A:A,nacionalidad!B:B,"Por verificar")) -> NA | Z84: The Fate of Ophelia | AA84: Taylor Swift | AB84: 2 | AC84: 34 | AD84: 9 | AE84: 759603
A85: Argentina | B85: 45995 | C85: diciembre_2025 | D85: 34 | E85: Jin | F85: Jin | G85: NA | H85: NA | I85: NA | J85: NA | K85: NA | L85: NA | M85: NA | N85: NA | O85: NA | P85: =IF(F85="NA","NA",_xlfn.XLOOKUP(TRIM(F85),nacionalidad!A:A,nacionalidad!B:B,"Por verificar")) -> Corea del Sur | Q85: =IF(G85="NA","NA",_xlfn.XLOOKUP(TRIM(G85),nacionalidad!A:A,nacionalidad!B:B,"Por verificar")) -> NA | R85: =IF(H85="NA","NA",_xlfn.XLOOKUP(TRIM(H85),nacionalidad!A:A,nacionalidad!B:B,"Por verificar")) -> NA | S85: =IF(I85="NA","NA",_xlfn.XLOOKUP(TRIM(I85),nacionalidad!A:A,nacionalidad!B:B,"Por verificar")) -> NA | T85: =IF(J85="NA","NA",_xlfn.XLOOKUP(TRIM(J85),nacionalidad!A:A,nacionalidad!B:B,"Por verificar")) -> NA | U85: =IF(K85="NA","NA",_xlfn.XLOOKUP(TRIM(K85),nacionalidad!A:A,nacionalidad!B:B,"Por verificar")) -> NA | V85: =IF(L85="NA","NA",_xlfn.XLOOKUP(TRIM(L85),nacionalidad!A:A,nacionalidad!B:B,"Por verificar")) -> NA | W85: =IF(M85="NA","NA",_xlfn.XLOOKUP(TRIM(M85),nacionalidad!A:A,nacionalidad!B:B,"Por verificar")) -> NA | ... Y85: =IF(O85="NA","NA",_xlfn.XLOOKUP(TRIM(O85),nacionalidad!A:A,nacionalidad!B:B,"Por verificar")) -> NA | Z85: Don’t Say You Love Me | AA85: BIGHIT MUSIC | AB85: 17 | AC85: 36 | AD85: 29 | AE85: 754945
A86: Argentina | B86: 45995 | C86: diciembre_2025 | D86: 35 | E86: Bad Bunny, Ozuna, Farruko, Arcángel, Ñengo Flow, DJ Luian, Mambo Kingz | F86: Bad Bunny | G86: Ozuna | H86: Farruko | I86: Arcángel | J86: Ñengo Flow | K86: DJ Luian | L86: Mambo Kingz | M86: NA | N86: NA | O86: NA | P86: =IF(F86="NA","NA",_xlfn.XLOOKUP(TRIM(F86),nacionalidad!A:A,nacionalidad!B:B,"Por verificar")) -> Puerto Rico | Q86: =IF(G86="NA","NA",_xlfn.XLOOKUP(TRIM(G86),nacionalidad!A:A,nacionalidad!B:B,"Por verificar")) -> Puerto Rico | R86: =IF(H86="NA","NA",_xlfn.XLOOKUP(TRIM(H86),nacionalidad!A:A,nacionalidad!B:B,"Por verificar")) -> Puerto Rico | S86: =IF(I86="NA","NA",_xlfn.XLOOKUP(TRIM(I86),nacionalidad!A:A,nacionalidad!B:B,"Por verificar")) -> Puerto Rico | T86: =IF(J86="NA","NA",_xlfn.XLOOKUP(TRIM(J86),nacionalidad!A:A,nacionalidad!B:B,"Por verificar")) -> Puerto Rico | U86: =IF(K86="NA","NA",_xlfn.XLOOKUP(TRIM(K86),nacionalidad!A:A,nacionalidad!B:B,"Por verificar")) -> Puerto Rico | V86: =IF(L86="NA","NA",_xlfn.XLOOKUP(TRIM(L86),nacionalidad!A:A,nacionalidad!B:B,"Por verificar")) -> Puerto Rico | W86: =IF(M86="NA","NA",_xlfn.XLOOKUP(TRIM(M86),nacionalidad!A:A,nacionalidad!B:B,"Por verificar")) -> NA | ... Y86: =IF(O86="NA","NA",_xlfn.XLOOKUP(TRIM(O86),nacionalidad!A:A,nacionalidad!B:B,"Por verificar")) -> NA | Z86: Diles | AA86: Rimas Entertainment LLC | AB86: 25 | AC86: 29 | AD86: 97 | AE86: 753410
A87: Argentina | B87: 45995 | C87: diciembre_2025 | D87: 36 | E87: Beéle, Ovy On The Drums | F87: Beéle | G87: Ovy On The Drums | H87: NA | I87: NA | J87: NA | K87: NA | L87: NA | M87: NA | N87: NA | O87: NA | P87: =IF(F87="NA","NA",_xlfn.XLOOKUP(TRIM(F87),nacionalidad!A:A,nacionalidad!B:B,"Por verificar")) -> Colombia | Q87: =IF(G87="NA","NA",_xlfn.XLOOKUP(TRIM(G87),nacionalidad!A:A,nacionalidad!B:B,"Por verificar")) -> Colombia | R87: =IF(H87="NA","NA",_xlfn.XLOOKUP(TRIM(H87),nacionalidad!A:A,nacionalidad!B:B,"Por verificar")) -> NA | S87: =IF(I87="NA","NA",_xlfn.XLOOKUP(TRIM(I87),nacionalidad!A:A,nacionalidad!B:B,"Por verificar")) -> NA | T87: =IF(J87="NA","NA",_xlfn.XLOOKUP(TRIM(J87),nacionalidad!A:A,nacionalidad!B:B,"Por verificar")) -> NA | U87: =IF(K87="NA","NA",_xlfn.XLOOKUP(TRIM(K87),nacionalidad!A:A,nacionalidad!B:B,"Por verificar")) -> NA | V87: =IF(L87="NA","NA",_xlfn.XLOOKUP(TRIM(L87),nacionalidad!A:A,nacionalidad!B:B,"Por verificar")) -> NA | W87: =IF(M87="NA","NA",_xlfn.XLOOKUP(TRIM(M87),nacionalidad!A:A,nacionalidad!B:B,"Por verificar")) -> NA | ... Y87: =IF(O87="NA","NA",_xlfn.XLOOKUP(TRIM(O87),nacionalidad!A:A,nacionalidad!B:B,"Por verificar")) -> NA | Z87: mi refe | AA87: 5020 Records | AB87: 20 | AC87: 26 | AD87: 48 | AE87: 752241
A88: Argentina | B88: 45995 | C88: diciembre_2025 | D88: 37 | E88: DobleP, Peipper, Locura Mix, VERNAZ | F88: DobleP | G88: Peipper | H88: Locura Mix | I88: VERNAZ | J88: NA | K88: NA | L88: NA | M88: NA | N88: NA | O88: NA | P88: =IF(F88="NA","NA",_xlfn.XLOOKUP(TRIM(F88),nacionalidad!A:A,nacionalidad!B:B,"Por verificar")) -> Argentina | Q88: =IF(G88="NA","NA",_xlfn.XLOOKUP(TRIM(G88),nacionalidad!A:A,nacionalidad!B:B,"Por verificar")) -> Argentina | R88: =IF(H88="NA","NA",_xlfn.XLOOKUP(TRIM(H88),nacionalidad!A:A,nacionalidad!B:B,"Por verificar")) -> Argentina | S88: =IF(I88="NA","NA",_xlfn.XLOOKUP(TRIM(I88),nacionalidad!A:A,nacionalidad!B:B,"Por verificar")) -> Argentina | T88: =IF(J88="NA","NA",_xlfn.XLOOKUP(TRIM(J88),nacionalidad!A:A,nacionalidad!B:B,"Por verificar")) -> NA | U88: =IF(K88="NA","NA",_xlfn.XLOOKUP(TRIM(K88),nacionalidad!A:A,nacionalidad!B:B,"Por verificar")) -> NA | V88: =IF(L88="NA","NA",_xlfn.XLOOKUP(TRIM(L88),nacionalidad!A:A,nacionalidad!B:B,"Por verificar")) -> NA | W88: =IF(M88="NA","NA",_xlfn.XLOOKUP(TRIM(M88),nacionalidad!A:A,nacionalidad!B:B,"Por verificar")) -> NA | ... Y88: =IF(O88="NA","NA",_xlfn.XLOOKUP(TRIM(O88),nacionalidad!A:A,nacionalidad!B:B,"Por verificar")) -> NA | Z88: PUTERÍ4 | AA88: DALE PLAY Records / Wesaisons Records | AB88: 37 | AC88: 41 | AD88: 4 | AE88: 739546
A89: Argentina | B89: 45995 | C89: diciembre_2025 | D89: 38 | E89: Zion & Lennox | F89: Zion & Lennox | G89: NA | H89: NA | I89: NA | J89: NA | K89: NA | L89: NA | M89: NA | N89: NA | O89: NA | P89: =IF(F89="NA","NA",_xlfn.XLOOKUP(TRIM(F89),nacionalidad!A:A,nacionalidad!B:B,"Por verificar")) -> Puerto Rico | Q89: =IF(G89="NA","NA",_xlfn.XLOOKUP(TRIM(G89),nacionalidad!A:A,nacionalidad!B:B,"Por verificar")) -> NA | R89: =IF(H89="NA","NA",_xlfn.XLOOKUP(TRIM(H89),nacionalidad!A:A,nacionalidad!B:B,"Por verificar")) -> NA | S89: =IF(I89="NA","NA",_xlfn.XLOOKUP(TRIM(I89),nacionalidad!A:A,nacionalidad!B:B,"Por verificar")) -> NA | T89: =IF(J89="NA","NA",_xlfn.XLOOKUP(TRIM(J89),nacionalidad!A:A,nacionalidad!B:B,"Por verificar")) -> NA | U89: =IF(K89="NA","NA",_xlfn.XLOOKUP(TRIM(K89),nacionalidad!A:A,nacionalidad!B:B,"Por verificar")) -> NA | V89: =IF(L89="NA","NA",_xlfn.XLOOKUP(TRIM(L89),nacionalidad!A:A,nacionalidad!B:B,"Por verificar")) -> NA | W89: =IF(M89="NA","NA",_xlfn.XLOOKUP(TRIM(M89),nacionalidad!A:A,nacionalidad!B:B,"Por verificar")) -> NA | ... Y89: =IF(O89="NA","NA",_xlfn.XLOOKUP(TRIM(O89),nacionalidad!A:A,nacionalidad!B:B,"Por verificar")) -> NA | Z89: La player (Bandolera) | AA89: WEA Latina | AB89: 12 | AC89: 39 | AD89: 75 | AE89: 736867
A90: Argentina | B90: 45995 | C90: diciembre_2025 | D90: 39 | E90: Milo j, Trueno | F90: Milo j | G90: Trueno | H90: NA | I90: NA | J90: NA | K90: NA | L90: NA | M90: NA | N90: NA | O90: NA | P90: =IF(F90="NA","NA",_xlfn.XLOOKUP(TRIM(F90),nacionalidad!A:A,nacionalidad!B:B,"Por verificar")) -> Argentina | Q90: =IF(G90="NA","NA",_xlfn.XLOOKUP(TRIM(G90),nacionalidad!A:A,nacionalidad!B:B,"Por verificar")) -> Argentina | R90: =IF(H90="NA","NA",_xlfn.XLOOKUP(TRIM(H90),nacionalidad!A:A,nacionalidad!B:B,"Por verificar")) -> NA | S90: =IF(I90="NA","NA",_xlfn.XLOOKUP(TRIM(I90),nacionalidad!A:A,nacionalidad!B:B,"Por verificar")) -> NA | T90: =IF(J90="NA","NA",_xlfn.XLOOKUP(TRIM(J90),nacionalidad!A:A,nacionalidad!B:B,"Por verificar")) -> NA | U90: =IF(K90="NA","NA",_xlfn.XLOOKUP(TRIM(K90),nacionalidad!A:A,nacionalidad!B:B,"Por verificar")) -> NA | V90: =IF(L90="NA","NA",_xlfn.XLOOKUP(TRIM(L90),nacionalidad!A:A,nacionalidad!B:B,"Por verificar")) -> NA | W90: =IF(M90="NA","NA",_xlfn.XLOOKUP(TRIM(M90),nacionalidad!A:A,nacionalidad!B:B,"Por verificar")) -> NA | ... Y90: =IF(O90="NA","NA",_xlfn.XLOOKUP(TRIM(O90),nacionalidad!A:A,nacionalidad!B:B,"Por verificar")) -> NA | Z90: Gil | AA90: Sony Music Latin | AB90: 17 | AC90: 45 | AD90: 10 | AE90: 730909
A91: Argentina | B91: 45995 | C91: diciembre_2025 | D91: 40 | E91: Babasonicos | F91: Babasonicos | G91: NA | H91: NA | I91: NA | J91: NA | K91: NA | L91: NA | M91: NA | N91: NA | O91: NA | P91: =IF(F91="NA","NA",_xlfn.XLOOKUP(TRIM(F91),nacionalidad!A:A,nacionalidad!B:B,"Por verificar")) -> Argentina | Q91: =IF(G91="NA","NA",_xlfn.XLOOKUP(TRIM(G91),nacionalidad!A:A,nacionalidad!B:B,"Por verificar")) -> NA | R91: =IF(H91="NA","NA",_xlfn.XLOOKUP(TRIM(H91),nacionalidad!A:A,nacionalidad!B:B,"Por verificar")) -> NA | S91: =IF(I91="NA","NA",_xlfn.XLOOKUP(TRIM(I91),nacionalidad!A:A,nacionalidad!B:B,"Por verificar")) -> NA | T91: =IF(J91="NA","NA",_xlfn.XLOOKUP(TRIM(J91),nacionalidad!A:A,nacionalidad!B:B,"Por verificar")) -> NA | U91: =IF(K91="NA","NA",_xlfn.XLOOKUP(TRIM(K91),nacionalidad!A:A,nacionalidad!B:B,"Por verificar")) -> NA | V91: =IF(L91="NA","NA",_xlfn.XLOOKUP(TRIM(L91),nacionalidad!A:A,nacionalidad!B:B,"Por verificar")) -> NA | W91: =IF(M91="NA","NA",_xlfn.XLOOKUP(TRIM(M91),nacionalidad!A:A,nacionalidad!B:B,"Por verificar")) -> NA | ... Y91: =IF(O91="NA","NA",_xlfn.XLOOKUP(TRIM(O91),nacionalidad!A:A,nacionalidad!B:B,"Por verificar")) -> NA | Z91: Irresponsables | AA91: Pop Art | AB91: 30 | AC91: 30 | AD91: 96 | AE91: 726945
A92: Argentina | B92: 45995 | C92: diciembre_2025 | D92: 41 | E92: Rauw Alejandro, Bad Bunny | F92: Rauw Alejandro | G92: Bad Bunny | H92: NA | I92: NA | J92: NA | K92: NA | L92: NA | M92: NA | N92: NA | O92: NA | P92: =IF(F92="NA","NA",_xlfn.XLOOKUP(TRIM(F92),nacionalidad!A:A,nacionalidad!B:B,"Por verificar")) -> Puerto Rico | Q92: =IF(G92="NA","NA",_xlfn.XLOOKUP(TRIM(G92),nacionalidad!A:A,nacionalidad!B:B,"Por verificar")) -> Puerto Rico | R92: =IF(H92="NA","NA",_xlfn.XLOOKUP(TRIM(H92),nacionalidad!A:A,nacionalidad!B:B,"Por verificar")) -> NA | S92: =IF(I92="NA","NA",_xlfn.XLOOKUP(TRIM(I92),nacionalidad!A:A,nacionalidad!B:B,"Por verificar")) -> NA | T92: =IF(J92="NA","NA",_xlfn.XLOOKUP(TRIM(J92),nacionalidad!A:A,nacionalidad!B:B,"Por verificar")) -> NA | U92: =IF(K92="NA","NA",_xlfn.XLOOKUP(TRIM(K92),nacionalidad!A:A,nacionalidad!B:B,"Por verificar")) -> NA | V92: =IF(L92="NA","NA",_xlfn.XLOOKUP(TRIM(L92),nacionalidad!A:A,nacionalidad!B:B,"Por verificar")) -> NA | W92: =IF(M92="NA","NA",_xlfn.XLOOKUP(TRIM(M92),nacionalidad!A:A,nacionalidad!B:B,"Por verificar")) -> NA | ... Y92: =IF(O92="NA","NA",_xlfn.XLOOKUP(TRIM(O92),nacionalidad!A:A,nacionalidad!B:B,"Por verificar")) -> NA | Z92: Qué Pasaría... | AA92: Sony Music Latin/Duars Entertainment | AB92: 14 | AC92: 53 | AD92: 55 | AE92: 722046
A93: Argentina | B93: 45995 | C93: diciembre_2025 | D93: 42 | E93: Airbag | F93: Airbag | G93: NA | H93: NA | I93: NA | J93: NA | K93: NA | L93: NA | M93: NA | N93: NA | O93: NA | P93: =IF(F93="NA","NA",_xlfn.XLOOKUP(TRIM(F93),nacionalidad!A:A,nacionalidad!B:B,"Por verificar")) -> Argentina | Q93: =IF(G93="NA","NA",_xlfn.XLOOKUP(TRIM(G93),nacionalidad!A:A,nacionalidad!B:B,"Por verificar")) -> NA | R93: =IF(H93="NA","NA",_xlfn.XLOOKUP(TRIM(H93),nacionalidad!A:A,nacionalidad!B:B,"Por verificar")) -> NA | S93: =IF(I93="NA","NA",_xlfn.XLOOKUP(TRIM(I93),nacionalidad!A:A,nacionalidad!B:B,"Por verificar")) -> NA | T93: =IF(J93="NA","NA",_xlfn.XLOOKUP(TRIM(J93),nacionalidad!A:A,nacionalidad!B:B,"Por verificar")) -> NA | U93: =IF(K93="NA","NA",_xlfn.XLOOKUP(TRIM(K93),nacionalidad!A:A,nacionalidad!B:B,"Por verificar")) -> NA | V93: =IF(L93="NA","NA",_xlfn.XLOOKUP(TRIM(L93),nacionalidad!A:A,nacionalidad!B:B,"Por verificar")) -> NA | W93: =IF(M93="NA","NA",_xlfn.XLOOKUP(TRIM(M93),nacionalidad!A:A,nacionalidad!B:B,"Por verificar")) -> NA | ... Y93: =IF(O93="NA","NA",_xlfn.XLOOKUP(TRIM(O93),nacionalidad!A:A,nacionalidad!B:B,"Por verificar")) -> NA | Z93: Nunca Lo Olvides | AA93: DALE PLAY Records | AB93: 40 | AC93: 44 | AD93: 54 | AE93: 717465
A94: Argentina | B94: 45995 | C94: diciembre_2025 | D94: 43 | E94: Héctor "El Father", Wisin & Yandel | F94: Héctor "El Father" | G94: Wisin & Yandel | H94: NA | I94: NA | J94: NA | K94: NA | L94: NA | M94: NA | N94: NA | O94: NA | P94: =IF(F94="NA","NA",_xlfn.XLOOKUP(TRIM(F94),nacionalidad!A:A,nacionalidad!B:B,"Por verificar")) -> Puerto Rico | Q94: =IF(G94="NA","NA",_xlfn.XLOOKUP(TRIM(G94),nacionalidad!A:A,nacionalidad!B:B,"Por verificar")) -> Puerto Rico | R94: =IF(H94="NA","NA",_xlfn.XLOOKUP(TRIM(H94),nacionalidad!A:A,nacionalidad!B:B,"Por verificar")) -> NA | S94: =IF(I94="NA","NA",_xlfn.XLOOKUP(TRIM(I94),nacionalidad!A:A,nacionalidad!B:B,"Por verificar")) -> NA | T94: =IF(J94="NA","NA",_xlfn.XLOOKUP(TRIM(J94),nacionalidad!A:A,nacionalidad!B:B,"Por verificar")) -> NA | U94: =IF(K94="NA","NA",_xlfn.XLOOKUP(TRIM(K94),nacionalidad!A:A,nacionalidad!B:B,"Por verificar")) -> NA | V94: =IF(L94="NA","NA",_xlfn.XLOOKUP(TRIM(L94),nacionalidad!A:A,nacionalidad!B:B,"Por verificar")) -> NA | W94: =IF(M94="NA","NA",_xlfn.XLOOKUP(TRIM(M94),nacionalidad!A:A,nacionalidad!B:B,"Por verificar")) -> NA | ... Y94: =IF(O94="NA","NA",_xlfn.XLOOKUP(TRIM(O94),nacionalidad!A:A,nacionalidad!B:B,"Por verificar")) -> NA | Z94: El Teléfono | AA94: Machete Music | AB94: 43 | AC94: 51 | AD94: 9 | AE94: 714781
A95: Argentina | B95: 45995 | C95: diciembre_2025 | D95: 44 | E95: Plan B | F95: Plan B | G95: NA | H95: NA | I95: NA | J95: NA | K95: NA | L95: NA | M95: NA | N95: NA | O95: NA | P95: =IF(F95="NA","NA",_xlfn.XLOOKUP(TRIM(F95),nacionalidad!A:A,nacionalidad!B:B,"Por verificar")) -> Puerto Rico | Q95: =IF(G95="NA","NA",_xlfn.XLOOKUP(TRIM(G95),nacionalidad!A:A,nacionalidad!B:B,"Por verificar")) -> NA | R95: =IF(H95="NA","NA",_xlfn.XLOOKUP(TRIM(H95),nacionalidad!A:A,nacionalidad!B:B,"Por verificar")) -> NA | S95: =IF(I95="NA","NA",_xlfn.XLOOKUP(TRIM(I95),nacionalidad!A:A,nacionalidad!B:B,"Por verificar")) -> NA | T95: =IF(J95="NA","NA",_xlfn.XLOOKUP(TRIM(J95),nacionalidad!A:A,nacionalidad!B:B,"Por verificar")) -> NA | U95: =IF(K95="NA","NA",_xlfn.XLOOKUP(TRIM(K95),nacionalidad!A:A,nacionalidad!B:B,"Por verificar")) -> NA | V95: =IF(L95="NA","NA",_xlfn.XLOOKUP(TRIM(L95),nacionalidad!A:A,nacionalidad!B:B,"Por verificar")) -> NA | W95: =IF(M95="NA","NA",_xlfn.XLOOKUP(TRIM(M95),nacionalidad!A:A,nacionalidad!B:B,"Por verificar")) -> NA | ... Y95: =IF(O95="NA","NA",_xlfn.XLOOKUP(TRIM(O95),nacionalidad!A:A,nacionalidad!B:B,"Por verificar")) -> NA | Z95: Fronteo | AA95: Pina Records | AB95: 9 | AC95: 50 | AD95: 25 | AE95: 698269
... A347: Chile | B347: 45967 | C347: noviembre_2025 | D347: 46 | E347: Pailita, Jere Klein, l3tter | F347: Pailita | G347: Jere Klein | H347: l3tter | I347: NA | J347: NA | K347: NA | L347: NA | M347: NA | N347: NA | O347: NA | P347: =IF(F347="NA","NA",_xlfn.XLOOKUP(TRIM(F347),nacionalidad!A:A,nacionalidad!B:B,"Por verificar")) -> Chile | Q347: =IF(G347="NA","NA",_xlfn.XLOOKUP(TRIM(G347),nacionalidad!A:A,nacionalidad!B:B,"Por verificar")) -> Chile | R347: =IF(H347="NA","NA",_xlfn.XLOOKUP(TRIM(H347),nacionalidad!A:A,nacionalidad!B:B,"Por verificar")) -> Chile | S347: =IF(I347="NA","NA",_xlfn.XLOOKUP(TRIM(I347),nacionalidad!A:A,nacionalidad!B:B,"Por verificar")) -> NA | T347: =IF(J347="NA","NA",_xlfn.XLOOKUP(TRIM(J347),nacionalidad!A:A,nacionalidad!B:B,"Por verificar")) -> NA | U347: =IF(K347="NA","NA",_xlfn.XLOOKUP(TRIM(K347),nacionalidad!A:A,nacionalidad!B:B,"Por verificar")) -> NA | V347: =IF(L347="NA","NA",_xlfn.XLOOKUP(TRIM(L347),nacionalidad!A:A,nacionalidad!B:B,"Por verificar")) -> NA | W347: =IF(M347="NA","NA",_xlfn.XLOOKUP(TRIM(M347),nacionalidad!A:A,nacionalidad!B:B,"Por verificar")) -> NA | ... Y347: =IF(O347="NA","NA",_xlfn.XLOOKUP(TRIM(O347),nacionalidad!A:A,nacionalidad!B:B,"Por verificar")) -> NA | Z347: ENLOKCIENDO | AA347: Rimas Entertainment México S.A. de C.V | AB347: 3 | AC347: 41 | AD347: 19 | AE347: 490091
A348: Chile | B348: 45967 | C348: noviembre_2025 | D348: 47 | E348: Yan Block, Panda Black | F348: Yan Block | G348: Panda Black | H348: NA | I348: NA | J348: NA | K348: NA | L348: NA | M348: NA | N348: NA | O348: NA | P348: =IF(F348="NA","NA",_xlfn.XLOOKUP(TRIM(F348),nacionalidad!A:A,nacionalidad!B:B,"Por verificar")) -> Puerto Rico | Q348: =IF(G348="NA","NA",_xlfn.XLOOKUP(TRIM(G348),nacionalidad!A:A,nacionalidad!B:B,"Por verificar")) -> Puerto Rico | R348: =IF(H348="NA","NA",_xlfn.XLOOKUP(TRIM(H348),nacionalidad!A:A,nacionalidad!B:B,"Por verificar")) -> NA | S348: =IF(I348="NA","NA",_xlfn.XLOOKUP(TRIM(I348),nacionalidad!A:A,nacionalidad!B:B,"Por verificar")) -> NA | T348: =IF(J348="NA","NA",_xlfn.XLOOKUP(TRIM(J348),nacionalidad!A:A,nacionalidad!B:B,"Por verificar")) -> NA | U348: =IF(K348="NA","NA",_xlfn.XLOOKUP(TRIM(K348),nacionalidad!A:A,nacionalidad!B:B,"Por verificar")) -> NA | V348: =IF(L348="NA","NA",_xlfn.XLOOKUP(TRIM(L348),nacionalidad!A:A,nacionalidad!B:B,"Por verificar")) -> NA | W348: =IF(M348="NA","NA",_xlfn.XLOOKUP(TRIM(M348),nacionalidad!A:A,nacionalidad!B:B,"Por verificar")) -> NA | ... Y348: =IF(O348="NA","NA",_xlfn.XLOOKUP(TRIM(O348),nacionalidad!A:A,nacionalidad!B:B,"Por verificar")) -> NA | Z348: 444 | AA348: SONAR LLC. | AB348: 37 | AC348: 60 | AD348: 66 | AE348: 484590
A349: Chile | B349: 45967 | C349: noviembre_2025 | D349: 48 | E349: Loyaltty, Marcianeke, Lewis Somes | F349: Loyaltty | G349: Marcianeke | H349: Lewis Somes | I349: NA | J349: NA | K349: NA | L349: NA | M349: NA | N349: NA | O349: NA | P349: =IF(F349="NA","NA",_xlfn.XLOOKUP(TRIM(F349),nacionalidad!A:A,nacionalidad!B:B,"Por verificar")) -> Chile | Q349: =IF(G349="NA","NA",_xlfn.XLOOKUP(TRIM(G349),nacionalidad!A:A,nacionalidad!B:B,"Por verificar")) -> Chile | R349: =IF(H349="NA","NA",_xlfn.XLOOKUP(TRIM(H349),nacionalidad!A:A,nacionalidad!B:B,"Por verificar")) -> Chile | S349: =IF(I349="NA","NA",_xlfn.XLOOKUP(TRIM(I349),nacionalidad!A:A,nacionalidad!B:B,"Por verificar")) -> NA | T349: =IF(J349="NA","NA",_xlfn.XLOOKUP(TRIM(J349),nacionalidad!A:A,nacionalidad!B:B,"Por verificar")) -> NA | U349: =IF(K349="NA","NA",_xlfn.XLOOKUP(TRIM(K349),nacionalidad!A:A,nacionalidad!B:B,"Por verificar")) -> NA | V349: =IF(L349="NA","NA",_xlfn.XLOOKUP(TRIM(L349),nacionalidad!A:A,nacionalidad!B:B,"Por verificar")) -> NA | W349: =IF(M349="NA","NA",_xlfn.XLOOKUP(TRIM(M349),nacionalidad!A:A,nacionalidad!B:B,"Por verificar")) -> NA | ... Y349: =IF(O349="NA","NA",_xlfn.XLOOKUP(TRIM(O349),nacionalidad!A:A,nacionalidad!B:B,"Por verificar")) -> NA | Z349: SEH | AA349: Virgin Music Chile | AB349: 36 | AC349: 44 | AD349: 4 | AE349: 482694
A350: Chile | B350: 45967 | C350: noviembre_2025 | D350: 49 | E350: Arcángel | F350: Arcángel | G350: NA | H350: NA | I350: NA | J350: NA | K350: NA | L350: NA | M350: NA | N350: NA | O350: NA | P350: =IF(F350="NA","NA",_xlfn.XLOOKUP(TRIM(F350),nacionalidad!A:A,nacionalidad!B:B,"Por verificar")) -> Puerto Rico | Q350: =IF(G350="NA","NA",_xlfn.XLOOKUP(TRIM(G350),nacionalidad!A:A,nacionalidad!B:B,"Por verificar")) -> NA | R350: =IF(H350="NA","NA",_xlfn.XLOOKUP(TRIM(H350),nacionalidad!A:A,nacionalidad!B:B,"Por verificar")) -> NA | S350: =IF(I350="NA","NA",_xlfn.XLOOKUP(TRIM(I350),nacionalidad!A:A,nacionalidad!B:B,"Por verificar")) -> NA | T350: =IF(J350="NA","NA",_xlfn.XLOOKUP(TRIM(J350),nacionalidad!A:A,nacionalidad!B:B,"Por verificar")) -> NA | U350: =IF(K350="NA","NA",_xlfn.XLOOKUP(TRIM(K350),nacionalidad!A:A,nacionalidad!B:B,"Por verificar")) -> NA | V350: =IF(L350="NA","NA",_xlfn.XLOOKUP(TRIM(L350),nacionalidad!A:A,nacionalidad!B:B,"Por verificar")) -> NA | W350: =IF(M350="NA","NA",_xlfn.XLOOKUP(TRIM(M350),nacionalidad!A:A,nacionalidad!B:B,"Por verificar")) -> NA | ... Y350: =IF(O350="NA","NA",_xlfn.XLOOKUP(TRIM(O350),nacionalidad!A:A,nacionalidad!B:B,"Por verificar")) -> NA | Z350: Pa' Que La Pases Bien | AA350: Cinq Recordings | AB350: 47 | AC350: 49 | AD350: 78 | AE350: 482645
A351: Chile | B351: 45967 | C351: noviembre_2025 | D351: 50 | E351: Taylor Swift | F351: Taylor Swift | G351: NA | H351: NA | I351: NA | J351: NA | K351: NA | L351: NA | M351: NA | N351: NA | O351: NA | P351: =IF(F351="NA","NA",_xlfn.XLOOKUP(TRIM(F351),nacionalidad!A:A,nacionalidad!B:B,"Por verificar")) -> Estados Unidos | Q351: =IF(G351="NA","NA",_xlfn.XLOOKUP(TRIM(G351),nacionalidad!A:A,nacionalidad!B:B,"Por verificar")) -> NA | R351: =IF(H351="NA","NA",_xlfn.XLOOKUP(TRIM(H351),nacionalidad!A:A,nacionalidad!B:B,"Por verificar")) -> NA | S351: =IF(I351="NA","NA",_xlfn.XLOOKUP(TRIM(I351),nacionalidad!A:A,nacionalidad!B:B,"Por verificar")) -> NA | T351: =IF(J351="NA","NA",_xlfn.XLOOKUP(TRIM(J351),nacionalidad!A:A,nacionalidad!B:B,"Por verificar")) -> NA | U351: =IF(K351="NA","NA",_xlfn.XLOOKUP(TRIM(K351),nacionalidad!A:A,nacionalidad!B:B,"Por verificar")) -> NA | V351: =IF(L351="NA","NA",_xlfn.XLOOKUP(TRIM(L351),nacionalidad!A:A,nacionalidad!B:B,"Por verificar")) -> NA | W351: =IF(M351="NA","NA",_xlfn.XLOOKUP(TRIM(M351),nacionalidad!A:A,nacionalidad!B:B,"Por verificar")) -> NA | ... Y351: =IF(O351="NA","NA",_xlfn.XLOOKUP(TRIM(O351),nacionalidad!A:A,nacionalidad!B:B,"Por verificar")) -> NA | Z351: The Fate of Ophelia | AA351: Taylor Swift | AB351: 16 | AC351: 45 | AD351: 5 | AE351: 481443
A352: Chile | B352: 45995 | C352: diciembre_2025 | D352: 1 | E352: King Savagge, Lyon la f, Katteyes, Lewis Somes | F352: King Savagge | G352: Lyon la f | H352: Katteyes | I352: Lewis Somes | J352: NA | K352: NA | L352: NA | M352: NA | N352: NA | O352: NA | P352: =IF(F352="NA","NA",_xlfn.XLOOKUP(TRIM(F352),nacionalidad!A:A,nacionalidad!B:B,"Por verificar")) -> Chile | Q352: =IF(G352="NA","NA",_xlfn.XLOOKUP(TRIM(G352),nacionalidad!A:A,nacionalidad!B:B,"Por verificar")) -> Chile | R352: =IF(H352="NA","NA",_xlfn.XLOOKUP(TRIM(H352),nacionalidad!A:A,nacionalidad!B:B,"Por verificar")) -> Chile | S352: =IF(I352="NA","NA",_xlfn.XLOOKUP(TRIM(I352),nacionalidad!A:A,nacionalidad!B:B,"Por verificar")) -> Chile | T352: =IF(J352="NA","NA",_xlfn.XLOOKUP(TRIM(J352),nacionalidad!A:A,nacionalidad!B:B,"Por verificar")) -> NA | U352: =IF(K352="NA","NA",_xlfn.XLOOKUP(TRIM(K352),nacionalidad!A:A,nacionalidad!B:B,"Por verificar")) -> NA | V352: =IF(L352="NA","NA",_xlfn.XLOOKUP(TRIM(L352),nacionalidad!A:A,nacionalidad!B:B,"Por verificar")) -> NA | W352: =IF(M352="NA","NA",_xlfn.XLOOKUP(TRIM(M352),nacionalidad!A:A,nacionalidad!B:B,"Por verificar")) -> NA | ... Y352: =IF(O352="NA","NA",_xlfn.XLOOKUP(TRIM(O352),nacionalidad!A:A,nacionalidad!B:B,"Por verificar")) -> NA | Z352: Pasajero | AA352: King savagge | AB352: 1 | AC352: 1 | AD352: 3 | AE352: 2100580
A353: Chile | B353: 45995 | C353: diciembre_2025 | D353: 2 | E353: Germanini, Lyon la f, JhonAlex, Nacho G Flow | F353: Germanini | G353: Lyon la f | H353: JhonAlex | I353: Nacho G Flow | J353: NA | K353: NA | L353: NA | M353: NA | N353: NA | O353: NA | P353: =IF(F353="NA","NA",_xlfn.XLOOKUP(TRIM(F353),nacionalidad!A:A,nacionalidad!B:B,"Por verificar")) -> Chile | Q353: =IF(G353="NA","NA",_xlfn.XLOOKUP(TRIM(G353),nacionalidad!A:A,nacionalidad!B:B,"Por verificar")) -> Chile | R353: =IF(H353="NA","NA",_xlfn.XLOOKUP(TRIM(H353),nacionalidad!A:A,nacionalidad!B:B,"Por verificar")) -> Chile | S353: =IF(I353="NA","NA",_xlfn.XLOOKUP(TRIM(I353),nacionalidad!A:A,nacionalidad!B:B,"Por verificar")) -> Chile | T353: =IF(J353="NA","NA",_xlfn.XLOOKUP(TRIM(J353),nacionalidad!A:A,nacionalidad!B:B,"Por verificar")) -> NA | U353: =IF(K353="NA","NA",_xlfn.XLOOKUP(TRIM(K353),nacionalidad!A:A,nacionalidad!B:B,"Por verificar")) -> NA | V353: =IF(L353="NA","NA",_xlfn.XLOOKUP(TRIM(L353),nacionalidad!A:A,nacionalidad!B:B,"Por verificar")) -> NA | W353: =IF(M353="NA","NA",_xlfn.XLOOKUP(TRIM(M353),nacionalidad!A:A,nacionalidad!B:B,"Por verificar")) -> NA | ... Y353: =IF(O353="NA","NA",_xlfn.XLOOKUP(TRIM(O353),nacionalidad!A:A,nacionalidad!B:B,"Por verificar")) -> NA | Z353: Comando Estelar | AA353: Stars Music Chile 2024 | AB353: 1 | AC353: 2 | AD353: 16 | AE353: 1580440
A354: Chile | B354: 45995 | C354: diciembre_2025 | D354: 3 | E354: Jimin | F354: Jimin | G354: NA | H354: NA | I354: NA | J354: NA | K354: NA | L354: NA | M354: NA | N354: NA | O354: NA | P354: =IF(F354="NA","NA",_xlfn.XLOOKUP(TRIM(F354),nacionalidad!A:A,nacionalidad!B:B,"Por verificar")) -> Corea del Sur | Q354: =IF(G354="NA","NA",_xlfn.XLOOKUP(TRIM(G354),nacionalidad!A:A,nacionalidad!B:B,"Por verificar")) -> NA | R354: =IF(H354="NA","NA",_xlfn.XLOOKUP(TRIM(H354),nacionalidad!A:A,nacionalidad!B:B,"Por verificar")) -> NA | S354: =IF(I354="NA","NA",_xlfn.XLOOKUP(TRIM(I354),nacionalidad!A:A,nacionalidad!B:B,"Por verificar")) -> NA | T354: =IF(J354="NA","NA",_xlfn.XLOOKUP(TRIM(J354),nacionalidad!A:A,nacionalidad!B:B,"Por verificar")) -> NA | U354: =IF(K354="NA","NA",_xlfn.XLOOKUP(TRIM(K354),nacionalidad!A:A,nacionalidad!B:B,"Por verificar")) -> NA | V354: =IF(L354="NA","NA",_xlfn.XLOOKUP(TRIM(L354),nacionalidad!A:A,nacionalidad!B:B,"Por verificar")) -> NA | W354: =IF(M354="NA","NA",_xlfn.XLOOKUP(TRIM(M354),nacionalidad!A:A,nacionalidad!B:B,"Por verificar")) -> NA | ... Y354: =IF(O354="NA","NA",_xlfn.XLOOKUP(TRIM(O354),nacionalidad!A:A,nacionalidad!B:B,"Por verificar")) -> NA | Z354: Who | AA354: BIGHIT MUSIC | AB354: 1 | AC354: 3 | AD354: 72 | AE354: 1373303
A355: Chile | B355: 45995 | C355: diciembre_2025 | D355: 4 | E355: Jere Klein, Katteyes, Mateo on the Beatz | F355: Jere Klein | G355: Katteyes | H355: Mateo on the Beatz | I355: NA | J355: NA | K355: NA | L355: NA | M355: NA | N355: NA | O355: NA | P355: =IF(F355="NA","NA",_xlfn.XLOOKUP(TRIM(F355),nacionalidad!A:A,nacionalidad!B:B,"Por verificar")) -> Chile | Q355: =IF(G355="NA","NA",_xlfn.XLOOKUP(TRIM(G355),nacionalidad!A:A,nacionalidad!B:B,"Por verificar")) -> Chile | R355: =IF(H355="NA","NA",_xlfn.XLOOKUP(TRIM(H355),nacionalidad!A:A,nacionalidad!B:B,"Por verificar")) -> Chile | S355: =IF(I355="NA","NA",_xlfn.XLOOKUP(TRIM(I355),nacionalidad!A:A,nacionalidad!B:B,"Por verificar")) -> NA | T355: =IF(J355="NA","NA",_xlfn.XLOOKUP(TRIM(J355),nacionalidad!A:A,nacionalidad!B:B,"Por verificar")) -> NA | U355: =IF(K355="NA","NA",_xlfn.XLOOKUP(TRIM(K355),nacionalidad!A:A,nacionalidad!B:B,"Por verificar")) -> NA | V355: =IF(L355="NA","NA",_xlfn.XLOOKUP(TRIM(L355),nacionalidad!A:A,nacionalidad!B:B,"Por verificar")) -> NA | W355: =IF(M355="NA","NA",_xlfn.XLOOKUP(TRIM(M355),nacionalidad!A:A,nacionalidad!B:B,"Por verificar")) -> NA | ... Y355: =IF(O355="NA","NA",_xlfn.XLOOKUP(TRIM(O355),nacionalidad!A:A,nacionalidad!B:B,"Por verificar")) -> NA | Z355: TODO KE VER | AA355: 2025 JERE KLEIN | AB355: 1 | AC355: 5 | AD355: 17 | AE355: 1159994
A356: Chile | B356: 45995 | C356: diciembre_2025 | D356: 5 | E356: El Bogueto, Yung Beef | F356: El Bogueto | G356: Yung Beef | H356: NA | I356: NA | J356: NA | K356: NA | L356: NA | M356: NA | N356: NA | O356: NA | P356: =IF(F356="NA","NA",_xlfn.XLOOKUP(TRIM(F356),nacionalidad!A:A,nacionalidad!B:B,"Por verificar")) -> Mexico | Q356: =IF(G356="NA","NA",_xlfn.XLOOKUP(TRIM(G356),nacionalidad!A:A,nacionalidad!B:B,"Por verificar")) -> España | R356: =IF(H356="NA","NA",_xlfn.XLOOKUP(TRIM(H356),nacionalidad!A:A,nacionalidad!B:B,"Por verificar")) -> NA | S356: =IF(I356="NA","NA",_xlfn.XLOOKUP(TRIM(I356),nacionalidad!A:A,nacionalidad!B:B,"Por verificar")) -> NA | T356: =IF(J356="NA","NA",_xlfn.XLOOKUP(TRIM(J356),nacionalidad!A:A,nacionalidad!B:B,"Por verificar")) -> NA | U356: =IF(K356="NA","NA",_xlfn.XLOOKUP(TRIM(K356),nacionalidad!A:A,nacionalidad!B:B,"Por verificar")) -> NA | V356: =IF(L356="NA","NA",_xlfn.XLOOKUP(TRIM(L356),nacionalidad!A:A,nacionalidad!B:B,"Por verificar")) -> NA | W356: =IF(M356="NA","NA",_xlfn.XLOOKUP(TRIM(M356),nacionalidad!A:A,nacionalidad!B:B,"Por verificar")) -> NA | ... Y356: =IF(O356="NA","NA",_xlfn.XLOOKUP(TRIM(O356),nacionalidad!A:A,nacionalidad!B:B,"Por verificar")) -> NA | Z356: Cuando No Era Cantante | AA356: Candela Music | AB356: 5 | AC356: 13 | AD356: 7 | AE356: 1062592
A357: Chile | B357: 45995 | C357: diciembre_2025 | D357: 6 | E357: Easykid, Dysbit | F357: Easykid | G357: Dysbit | H357: NA | I357: NA | J357: NA | K357: NA | L357: NA | M357: NA | N357: NA | O357: NA | P357: =IF(F357="NA","NA",_xlfn.XLOOKUP(TRIM(F357),nacionalidad!A:A,nacionalidad!B:B,"Por verificar")) -> Chile | Q357: =IF(G357="NA","NA",_xlfn.XLOOKUP(TRIM(G357),nacionalidad!A:A,nacionalidad!B:B,"Por verificar")) -> Chile | R357: =IF(H357="NA","NA",_xlfn.XLOOKUP(TRIM(H357),nacionalidad!A:A,nacionalidad!B:B,"Por verificar")) -> NA | S357: =IF(I357="NA","NA",_xlfn.XLOOKUP(TRIM(I357),nacionalidad!A:A,nacionalidad!B:B,"Por verificar")) -> NA | T357: =IF(J357="NA","NA",_xlfn.XLOOKUP(TRIM(J357),nacionalidad!A:A,nacionalidad!B:B,"Por verificar")) -> NA | U357: =IF(K357="NA","NA",_xlfn.XLOOKUP(TRIM(K357),nacionalidad!A:A,nacionalidad!B:B,"Por verificar")) -> NA | V357: =IF(L357="NA","NA",_xlfn.XLOOKUP(TRIM(L357),nacionalidad!A:A,nacionalidad!B:B,"Por verificar")) -> NA | W357: =IF(M357="NA","NA",_xlfn.XLOOKUP(TRIM(M357),nacionalidad!A:A,nacionalidad!B:B,"Por verificar")) -> NA | ... Y357: =IF(O357="NA","NA",_xlfn.XLOOKUP(TRIM(O357),nacionalidad!A:A,nacionalidad!B:B,"Por verificar")) -> NA | Z357: Shiny | AA357: Easykid | AB357: 1 | AC357: 6 | AD357: 25 | AE357: 1030764
A358: Chile | B358: 45995 | C358: diciembre_2025 | D358: 7 | E358: Young Cister, Kreamly | F358: Young Cister | G358: Kreamly | H358: NA | I358: NA | J358: NA | K358: NA | L358: NA | M358: NA | N358: NA | O358: NA | P358: =IF(F358="NA","NA",_xlfn.XLOOKUP(TRIM(F358),nacionalidad!A:A,nacionalidad!B:B,"Por verificar")) -> Chile | Q358: =IF(G358="NA","NA",_xlfn.XLOOKUP(TRIM(G358),nacionalidad!A:A,nacionalidad!B:B,"Por verificar")) -> Chile | R358: =IF(H358="NA","NA",_xlfn.XLOOKUP(TRIM(H358),nacionalidad!A:A,nacionalidad!B:B,"Por verificar")) -> NA | S358: =IF(I358="NA","NA",_xlfn.XLOOKUP(TRIM(I358),nacionalidad!A:A,nacionalidad!B:B,"Por verificar")) -> NA | T358: =IF(J358="NA","NA",_xlfn.XLOOKUP(TRIM(J358),nacionalidad!A:A,nacionalidad!B:B,"Por verificar")) -> NA | U358: =IF(K358="NA","NA",_xlfn.XLOOKUP(TRIM(K358),nacionalidad!A:A,nacionalidad!B:B,"Por verificar")) -> NA | V358: =IF(L358="NA","NA",_xlfn.XLOOKUP(TRIM(L358),nacionalidad!A:A,nacionalidad!B:B,"Por verificar")) -> NA | W358: =IF(M358="NA","NA",_xlfn.XLOOKUP(TRIM(M358),nacionalidad!A:A,nacionalidad!B:B,"Por verificar")) -> NA | ... Y358: =IF(O358="NA","NA",_xlfn.XLOOKUP(TRIM(O358),nacionalidad!A:A,nacionalidad!B:B,"Por verificar")) -> NA | Z358: QLOO* | AA358: Sony Music Entertainment Chile S.A | AB358: 1 | AC358: 4 | AD358: 28 | AE358: 1021029
A359: Chile | B359: 45995 | C359: diciembre_2025 | D359: 8 | E359: Blessd, Anuel AA, Yan Block, Luar La L, Kris R., ROA | F359: Blessd | G359: Anuel AA | H359: Yan Block | I359: Luar La L | J359: Kris R. | K359: ROA | L359: NA | M359: NA | N359: NA | O359: NA | P359: =IF(F359="NA","NA",_xlfn.XLOOKUP(TRIM(F359),nacionalidad!A:A,nacionalidad!B:B,"Por verificar")) -> Colombia | Q359: =IF(G359="NA","NA",_xlfn.XLOOKUP(TRIM(G359),nacionalidad!A:A,nacionalidad!B:B,"Por verificar")) -> Puerto Rico | R359: =IF(H359="NA","NA",_xlfn.XLOOKUP(TRIM(H359),nacionalidad!A:A,nacionalidad!B:B,"Por verificar")) -> Puerto Rico | S359: =IF(I359="NA","NA",_xlfn.XLOOKUP(TRIM(I359),nacionalidad!A:A,nacionalidad!B:B,"Por verificar")) -> Puerto Rico | T359: =IF(J359="NA","NA",_xlfn.XLOOKUP(TRIM(J359),nacionalidad!A:A,nacionalidad!B:B,"Por verificar")) -> Colombia | U359: =IF(K359="NA","NA",_xlfn.XLOOKUP(TRIM(K359),nacionalidad!A:A,nacionalidad!B:B,"Por verificar")) -> Puerto Rico | V359: =IF(L359="NA","NA",_xlfn.XLOOKUP(TRIM(L359),nacionalidad!A:A,nacionalidad!B:B,"Por verificar")) -> NA | W359: =IF(M359="NA","NA",_xlfn.XLOOKUP(TRIM(M359),nacionalidad!A:A,nacionalidad!B:B,"Por verificar")) -> NA | ... Y359: =IF(O359="NA","NA",_xlfn.XLOOKUP(TRIM(O359),nacionalidad!A:A,nacionalidad!B:B,"Por verificar")) -> NA | Z359: YOGURCITO REMIX (feat. Kris R., ROA) | AA359: WEA Latina | AB359: 8 | AC359: 9 | AD359: 14 | AE359: 1016249
A360: Chile | B360: 45995 | C360: diciembre_2025 | D360: 9 | E360: Jere Klein, Bayriton, Adan La Amenaza | F360: Jere Klein | G360: Bayriton | H360: Adan La Amenaza | I360: NA | J360: NA | K360: NA | L360: NA | M360: NA | N360: NA | O360: NA | P360: =IF(F360="NA","NA",_xlfn.XLOOKUP(TRIM(F360),nacionalidad!A:A,nacionalidad!B:B,"Por verificar")) -> Chile | Q360: =IF(G360="NA","NA",_xlfn.XLOOKUP(TRIM(G360),nacionalidad!A:A,nacionalidad!B:B,"Por verificar")) -> Chile | R360: =IF(H360="NA","NA",_xlfn.XLOOKUP(TRIM(H360),nacionalidad!A:A,nacionalidad!B:B,"Por verificar")) -> Chile | S360: =IF(I360="NA","NA",_xlfn.XLOOKUP(TRIM(I360),nacionalidad!A:A,nacionalidad!B:B,"Por verificar")) -> NA | T360: =IF(J360="NA","NA",_xlfn.XLOOKUP(TRIM(J360),nacionalidad!A:A,nacionalidad!B:B,"Por verificar")) -> NA | U360: =IF(K360="NA","NA",_xlfn.XLOOKUP(TRIM(K360),nacionalidad!A:A,nacionalidad!B:B,"Por verificar")) -> NA | V360: =IF(L360="NA","NA",_xlfn.XLOOKUP(TRIM(L360),nacionalidad!A:A,nacionalidad!B:B,"Por verificar")) -> NA | W360: =IF(M360="NA","NA",_xlfn.XLOOKUP(TRIM(M360),nacionalidad!A:A,nacionalidad!B:B,"Por verificar")) -> NA | ... Y360: =IF(O360="NA","NA",_xlfn.XLOOKUP(TRIM(O360),nacionalidad!A:A,nacionalidad!B:B,"Por verificar")) -> NA | Z360: TU Y YO | AA360: 2025 JERE KLEIN | AB360: 1 | AC360: 8 | AD360: 6 | AE360: 1015125
... A625: Colombia | B625: 45967 | C625: noviembre_2025 | D625: 24 | E625: Blessd, Los Money Makers, Prodmonja | F625: Blessd | G625: Los Money Makers | H625: Prodmonja | I625: NA | J625: NA | K625: NA | L625: NA | M625: NA | N625: NA | O625: NA | P625: =IF(F625="NA","NA",_xlfn.XLOOKUP(TRIM(F625),nacionalidad!A:A,nacionalidad!B:B,"Por verificar")) -> Colombia | Q625: =IF(G625="NA","NA",_xlfn.XLOOKUP(TRIM(G625),nacionalidad!A:A,nacionalidad!B:B,"Por verificar")) -> Colombia | R625: =IF(H625="NA","NA",_xlfn.XLOOKUP(TRIM(H625),nacionalidad!A:A,nacionalidad!B:B,"Por verificar")) -> Colombia | S625: =IF(I625="NA","NA",_xlfn.XLOOKUP(TRIM(I625),nacionalidad!A:A,nacionalidad!B:B,"Por verificar")) -> NA | T625: =IF(J625="NA","NA",_xlfn.XLOOKUP(TRIM(J625),nacionalidad!A:A,nacionalidad!B:B,"Por verificar")) -> NA | U625: =IF(K625="NA","NA",_xlfn.XLOOKUP(TRIM(K625),nacionalidad!A:A,nacionalidad!B:B,"Por verificar")) -> NA | V625: =IF(L625="NA","NA",_xlfn.XLOOKUP(TRIM(L625),nacionalidad!A:A,nacionalidad!B:B,"Por verificar")) -> NA | W625: =IF(M625="NA","NA",_xlfn.XLOOKUP(TRIM(M625),nacionalidad!A:A,nacionalidad!B:B,"Por verificar")) -> NA | ... Y625: =IF(O625="NA","NA",_xlfn.XLOOKUP(TRIM(O625),nacionalidad!A:A,nacionalidad!B:B,"Por verificar")) -> NA | Z625: URUS BLUE | AA625: WEA Latina | AB625: 22 | AC625: 22 | AD625: 23 | AE625: 745936
A626: Colombia | B626: 45967 | C626: noviembre_2025 | D626: 25 | E626: Yan Block, Panda Black | F626: Yan Block | G626: Panda Black | H626: NA | I626: NA | J626: NA | K626: NA | L626: NA | M626: NA | N626: NA | O626: NA | P626: =IF(F626="NA","NA",_xlfn.XLOOKUP(TRIM(F626),nacionalidad!A:A,nacionalidad!B:B,"Por verificar")) -> Puerto Rico | Q626: =IF(G626="NA","NA",_xlfn.XLOOKUP(TRIM(G626),nacionalidad!A:A,nacionalidad!B:B,"Por verificar")) -> Puerto Rico | R626: =IF(H626="NA","NA",_xlfn.XLOOKUP(TRIM(H626),nacionalidad!A:A,nacionalidad!B:B,"Por verificar")) -> NA | S626: =IF(I626="NA","NA",_xlfn.XLOOKUP(TRIM(I626),nacionalidad!A:A,nacionalidad!B:B,"Por verificar")) -> NA | T626: =IF(J626="NA","NA",_xlfn.XLOOKUP(TRIM(J626),nacionalidad!A:A,nacionalidad!B:B,"Por verificar")) -> NA | U626: =IF(K626="NA","NA",_xlfn.XLOOKUP(TRIM(K626),nacionalidad!A:A,nacionalidad!B:B,"Por verificar")) -> NA | V626: =IF(L626="NA","NA",_xlfn.XLOOKUP(TRIM(L626),nacionalidad!A:A,nacionalidad!B:B,"Por verificar")) -> NA | W626: =IF(M626="NA","NA",_xlfn.XLOOKUP(TRIM(M626),nacionalidad!A:A,nacionalidad!B:B,"Por verificar")) -> NA | ... Y626: =IF(O626="NA","NA",_xlfn.XLOOKUP(TRIM(O626),nacionalidad!A:A,nacionalidad!B:B,"Por verificar")) -> NA | Z626: 444 | AA626: SONAR LLC. | AB626: 25 | AC626: 37 | AD626: 68 | AE626: 737868
A627: Colombia | B627: 45967 | C627: noviembre_2025 | D627: 26 | E627: Kapo | F627: Kapo | G627: NA | H627: NA | I627: NA | J627: NA | K627: NA | L627: NA | M627: NA | N627: NA | O627: NA | P627: =IF(F627="NA","NA",_xlfn.XLOOKUP(TRIM(F627),nacionalidad!A:A,nacionalidad!B:B,"Por verificar")) -> Colombia | Q627: =IF(G627="NA","NA",_xlfn.XLOOKUP(TRIM(G627),nacionalidad!A:A,nacionalidad!B:B,"Por verificar")) -> NA | R627: =IF(H627="NA","NA",_xlfn.XLOOKUP(TRIM(H627),nacionalidad!A:A,nacionalidad!B:B,"Por verificar")) -> NA | S627: =IF(I627="NA","NA",_xlfn.XLOOKUP(TRIM(I627),nacionalidad!A:A,nacionalidad!B:B,"Por verificar")) -> NA | T627: =IF(J627="NA","NA",_xlfn.XLOOKUP(TRIM(J627),nacionalidad!A:A,nacionalidad!B:B,"Por verificar")) -> NA | U627: =IF(K627="NA","NA",_xlfn.XLOOKUP(TRIM(K627),nacionalidad!A:A,nacionalidad!B:B,"Por verificar")) -> NA | V627: =IF(L627="NA","NA",_xlfn.XLOOKUP(TRIM(L627),nacionalidad!A:A,nacionalidad!B:B,"Por verificar")) -> NA | W627: =IF(M627="NA","NA",_xlfn.XLOOKUP(TRIM(M627),nacionalidad!A:A,nacionalidad!B:B,"Por verificar")) -> NA | ... Y627: =IF(O627="NA","NA",_xlfn.XLOOKUP(TRIM(O627),nacionalidad!A:A,nacionalidad!B:B,"Por verificar")) -> NA | Z627: UWAIE | AA627: Sony Music Latin/La Industria | AB627: 1 | AC627: 33 | AD627: 64 | AE627: 729310
A628: Colombia | B628: 45967 | C628: noviembre_2025 | D628: 27 | E628: Plan B | F628: Plan B | G628: NA | H628: NA | I628: NA | J628: NA | K628: NA | L628: NA | M628: NA | N628: NA | O628: NA | P628: =IF(F628="NA","NA",_xlfn.XLOOKUP(TRIM(F628),nacionalidad!A:A,nacionalidad!B:B,"Por verificar")) -> Puerto Rico | Q628: =IF(G628="NA","NA",_xlfn.XLOOKUP(TRIM(G628),nacionalidad!A:A,nacionalidad!B:B,"Por verificar")) -> NA | R628: =IF(H628="NA","NA",_xlfn.XLOOKUP(TRIM(H628),nacionalidad!A:A,nacionalidad!B:B,"Por verificar")) -> NA | S628: =IF(I628="NA","NA",_xlfn.XLOOKUP(TRIM(I628),nacionalidad!A:A,nacionalidad!B:B,"Por verificar")) -> NA | T628: =IF(J628="NA","NA",_xlfn.XLOOKUP(TRIM(J628),nacionalidad!A:A,nacionalidad!B:B,"Por verificar")) -> NA | U628: =IF(K628="NA","NA",_xlfn.XLOOKUP(TRIM(K628),nacionalidad!A:A,nacionalidad!B:B,"Por verificar")) -> NA | V628: =IF(L628="NA","NA",_xlfn.XLOOKUP(TRIM(L628),nacionalidad!A:A,nacionalidad!B:B,"Por verificar")) -> NA | W628: =IF(M628="NA","NA",_xlfn.XLOOKUP(TRIM(M628),nacionalidad!A:A,nacionalidad!B:B,"Por verificar")) -> NA | ... Y628: =IF(O628="NA","NA",_xlfn.XLOOKUP(TRIM(O628),nacionalidad!A:A,nacionalidad!B:B,"Por verificar")) -> NA | Z628: Es un Secreto | AA628: Pina Records | AB628: 18 | AC628: 30 | AD628: 249 | AE628: 709589
A629: Colombia | B629: 45967 | C629: noviembre_2025 | D629: 28 | E629: Kris R., Blessd | F629: Kris R. | G629: Blessd | H629: NA | I629: NA | J629: NA | K629: NA | L629: NA | M629: NA | N629: NA | O629: NA | P629: =IF(F629="NA","NA",_xlfn.XLOOKUP(TRIM(F629),nacionalidad!A:A,nacionalidad!B:B,"Por verificar")) -> Colombia | Q629: =IF(G629="NA","NA",_xlfn.XLOOKUP(TRIM(G629),nacionalidad!A:A,nacionalidad!B:B,"Por verificar")) -> Colombia | R629: =IF(H629="NA","NA",_xlfn.XLOOKUP(TRIM(H629),nacionalidad!A:A,nacionalidad!B:B,"Por verificar")) -> NA | S629: =IF(I629="NA","NA",_xlfn.XLOOKUP(TRIM(I629),nacionalidad!A:A,nacionalidad!B:B,"Por verificar")) -> NA | T629: =IF(J629="NA","NA",_xlfn.XLOOKUP(TRIM(J629),nacionalidad!A:A,nacionalidad!B:B,"Por verificar")) -> NA | U629: =IF(K629="NA","NA",_xlfn.XLOOKUP(TRIM(K629),nacionalidad!A:A,nacionalidad!B:B,"Por verificar")) -> NA | V629: =IF(L629="NA","NA",_xlfn.XLOOKUP(TRIM(L629),nacionalidad!A:A,nacionalidad!B:B,"Por verificar")) -> NA | W629: =IF(M629="NA","NA",_xlfn.XLOOKUP(TRIM(M629),nacionalidad!A:A,nacionalidad!B:B,"Por verificar")) -> NA | ... Y629: =IF(O629="NA","NA",_xlfn.XLOOKUP(TRIM(O629),nacionalidad!A:A,nacionalidad!B:B,"Por verificar")) -> NA | Z629: COSITAS | AA629: WEA Latina | AB629: 16 | AC629: 24 | AD629: 13 | AE629: 695545
A630: Colombia | B630: 45967 | C630: noviembre_2025 | D630: 29 | E630: Rels B | F630: Rels B | G630: NA | H630: NA | I630: NA | J630: NA | K630: NA | L630: NA | M630: NA | N630: NA | O630: NA | P630: =IF(F630="NA","NA",_xlfn.XLOOKUP(TRIM(F630),nacionalidad!A:A,nacionalidad!B:B,"Por verificar")) -> España | Q630: =IF(G630="NA","NA",_xlfn.XLOOKUP(TRIM(G630),nacionalidad!A:A,nacionalidad!B:B,"Por verificar")) -> NA | R630: =IF(H630="NA","NA",_xlfn.XLOOKUP(TRIM(H630),nacionalidad!A:A,nacionalidad!B:B,"Por verificar")) -> NA | S630: =IF(I630="NA","NA",_xlfn.XLOOKUP(TRIM(I630),nacionalidad!A:A,nacionalidad!B:B,"Por verificar")) -> NA | T630: =IF(J630="NA","NA",_xlfn.XLOOKUP(TRIM(J630),nacionalidad!A:A,nacionalidad!B:B,"Por verificar")) -> NA | U630: =IF(K630="NA","NA",_xlfn.XLOOKUP(TRIM(K630),nacionalidad!A:A,nacionalidad!B:B,"Por verificar")) -> NA | V630: =IF(L630="NA","NA",_xlfn.XLOOKUP(TRIM(L630),nacionalidad!A:A,nacionalidad!B:B,"Por verificar")) -> NA | W630: =IF(M630="NA","NA",_xlfn.XLOOKUP(TRIM(M630),nacionalidad!A:A,nacionalidad!B:B,"Por verificar")) -> NA | ... Y630: =IF(O630="NA","NA",_xlfn.XLOOKUP(TRIM(O630),nacionalidad!A:A,nacionalidad!B:B,"Por verificar")) -> NA | Z630: TU VAS SIN (fav) | AA630: DALE PLAY Records / Flakk Team | AB630: 14 | AC630: 34 | AD630: 18 | AE630: 687879
A631: Colombia | B631: 45967 | C631: noviembre_2025 | D631: 30 | E631: Rauw Alejandro, Bad Bunny | F631: Rauw Alejandro | G631: Bad Bunny | H631: NA | I631: NA | J631: NA | K631: NA | L631: NA | M631: NA | N631: NA | O631: NA | P631: =IF(F631="NA","NA",_xlfn.XLOOKUP(TRIM(F631),nacionalidad!A:A,nacionalidad!B:B,"Por verificar")) -> Puerto Rico | Q631: =IF(G631="NA","NA",_xlfn.XLOOKUP(TRIM(G631),nacionalidad!A:A,nacionalidad!B:B,"Por verificar")) -> Puerto Rico | R631: =IF(H631="NA","NA",_xlfn.XLOOKUP(TRIM(H631),nacionalidad!A:A,nacionalidad!B:B,"Por verificar")) -> NA | S631: =IF(I631="NA","NA",_xlfn.XLOOKUP(TRIM(I631),nacionalidad!A:A,nacionalidad!B:B,"Por verificar")) -> NA | T631: =IF(J631="NA","NA",_xlfn.XLOOKUP(TRIM(J631),nacionalidad!A:A,nacionalidad!B:B,"Por verificar")) -> NA | U631: =IF(K631="NA","NA",_xlfn.XLOOKUP(TRIM(K631),nacionalidad!A:A,nacionalidad!B:B,"Por verificar")) -> NA | V631: =IF(L631="NA","NA",_xlfn.XLOOKUP(TRIM(L631),nacionalidad!A:A,nacionalidad!B:B,"Por verificar")) -> NA | W631: =IF(M631="NA","NA",_xlfn.XLOOKUP(TRIM(M631),nacionalidad!A:A,nacionalidad!B:B,"Por verificar")) -> NA | ... Y631: =IF(O631="NA","NA",_xlfn.XLOOKUP(TRIM(O631),nacionalidad!A:A,nacionalidad!B:B,"Por verificar")) -> NA | Z631: Qué Pasaría... | AA631: Sony Music Latin/Duars Entertainment | AB631: 11 | AC631: 26 | AD631: 51 | AE631: 686947
A632: Colombia | B632: 45967 | C632: noviembre_2025 | D632: 31 | E632: Fuerza Regida, Grupo Frontera | F632: Fuerza Regida | G632: Grupo Frontera | H632: NA | I632: NA | J632: NA | K632: NA | L632: NA | M632: NA | N632: NA | O632: NA | P632: =IF(F632="NA","NA",_xlfn.XLOOKUP(TRIM(F632),nacionalidad!A:A,nacionalidad!B:B,"Por verificar")) -> Mexico | Q632: =IF(G632="NA","NA",_xlfn.XLOOKUP(TRIM(G632),nacionalidad!A:A,nacionalidad!B:B,"Por verificar")) -> Mexico | R632: =IF(H632="NA","NA",_xlfn.XLOOKUP(TRIM(H632),nacionalidad!A:A,nacionalidad!B:B,"Por verificar")) -> NA | S632: =IF(I632="NA","NA",_xlfn.XLOOKUP(TRIM(I632),nacionalidad!A:A,nacionalidad!B:B,"Por verificar")) -> NA | T632: =IF(J632="NA","NA",_xlfn.XLOOKUP(TRIM(J632),nacionalidad!A:A,nacionalidad!B:B,"Por verificar")) -> NA | U632: =IF(K632="NA","NA",_xlfn.XLOOKUP(TRIM(K632),nacionalidad!A:A,nacionalidad!B:B,"Por verificar")) -> NA | V632: =IF(L632="NA","NA",_xlfn.XLOOKUP(TRIM(L632),nacionalidad!A:A,nacionalidad!B:B,"Por verificar")) -> NA | W632: =IF(M632="NA","NA",_xlfn.XLOOKUP(TRIM(M632),nacionalidad!A:A,nacionalidad!B:B,"Por verificar")) -> NA | ... Y632: =IF(O632="NA","NA",_xlfn.XLOOKUP(TRIM(O632),nacionalidad!A:A,nacionalidad!B:B,"Por verificar")) -> NA | Z632: COQUETA | AA632: Rancho Humilde/Streetmob Records/Grupo Frontera/Sony Music Latin | AB632: 19 | AC632: 38 | AD632: 27 | AE632: 669028
A633: Colombia | B633: 45967 | C633: noviembre_2025 | D633: 32 | E633: Feid, ATL Jacob | F633: Feid | G633: ATL Jacob | H633: NA | I633: NA | J633: NA | K633: NA | L633: NA | M633: NA | N633: NA | O633: NA | P633: =IF(F633="NA","NA",_xlfn.XLOOKUP(TRIM(F633),nacionalidad!A:A,nacionalidad!B:B,"Por verificar")) -> Colombia | Q633: =IF(G633="NA","NA",_xlfn.XLOOKUP(TRIM(G633),nacionalidad!A:A,nacionalidad!B:B,"Por verificar")) -> Estados Unidos | R633: =IF(H633="NA","NA",_xlfn.XLOOKUP(TRIM(H633),nacionalidad!A:A,nacionalidad!B:B,"Por verificar")) -> NA | S633: =IF(I633="NA","NA",_xlfn.XLOOKUP(TRIM(I633),nacionalidad!A:A,nacionalidad!B:B,"Por verificar")) -> NA | T633: =IF(J633="NA","NA",_xlfn.XLOOKUP(TRIM(J633),nacionalidad!A:A,nacionalidad!B:B,"Por verificar")) -> NA | U633: =IF(K633="NA","NA",_xlfn.XLOOKUP(TRIM(K633),nacionalidad!A:A,nacionalidad!B:B,"Por verificar")) -> NA | V633: =IF(L633="NA","NA",_xlfn.XLOOKUP(TRIM(L633),nacionalidad!A:A,nacionalidad!B:B,"Por verificar")) -> NA | W633: =IF(M633="NA","NA",_xlfn.XLOOKUP(TRIM(M633),nacionalidad!A:A,nacionalidad!B:B,"Por verificar")) -> NA | ... Y633: =IF(O633="NA","NA",_xlfn.XLOOKUP(TRIM(O633),nacionalidad!A:A,nacionalidad!B:B,"Por verificar")) -> NA | Z633: LUNA | AA633: UMLE - Latino | AB633: 1 | AC633: 36 | AD633: 101 | AE633: 668879
A634: Colombia | B634: 45967 | C634: noviembre_2025 | D634: 33 | E634: KAROL G, Feid, DFZM, Ovy On The Drums, J Balvin, Maluma, Ryan Castro, Blessd | F634: KAROL G | G634: Feid | H634: DFZM | I634: Ovy On The Drums | J634: J Balvin | K634: Maluma | L634: Ryan Castro | M634: Blessd | N634: NA | O634: NA | P634: =IF(F634="NA","NA",_xlfn.XLOOKUP(TRIM(F634),nacionalidad!A:A,nacionalidad!B:B,"Por verificar")) -> Colombia | Q634: =IF(G634="NA","NA",_xlfn.XLOOKUP(TRIM(G634),nacionalidad!A:A,nacionalidad!B:B,"Por verificar")) -> Colombia | R634: =IF(H634="NA","NA",_xlfn.XLOOKUP(TRIM(H634),nacionalidad!A:A,nacionalidad!B:B,"Por verificar")) -> Colombia | S634: =IF(I634="NA","NA",_xlfn.XLOOKUP(TRIM(I634),nacionalidad!A:A,nacionalidad!B:B,"Por verificar")) -> Colombia | T634: =IF(J634="NA","NA",_xlfn.XLOOKUP(TRIM(J634),nacionalidad!A:A,nacionalidad!B:B,"Por verificar")) -> Colombia | U634: =IF(K634="NA","NA",_xlfn.XLOOKUP(TRIM(K634),nacionalidad!A:A,nacionalidad!B:B,"Por verificar")) -> Colombia | V634: =IF(L634="NA","NA",_xlfn.XLOOKUP(TRIM(L634),nacionalidad!A:A,nacionalidad!B:B,"Por verificar")) -> Colombia | W634: =IF(M634="NA","NA",_xlfn.XLOOKUP(TRIM(M634),nacionalidad!A:A,nacionalidad!B:B,"Por verificar")) -> Colombia | ... Y634: =IF(O634="NA","NA",_xlfn.XLOOKUP(TRIM(O634),nacionalidad!A:A,nacionalidad!B:B,"Por verificar")) -> NA | Z634: 57 | AA634: Bichota/Interscope Records | AB634: 1 | AC634: 41 | AD634: 52 | AE634: 663225
A635: Colombia | B635: 45967 | C635: noviembre_2025 | D635: 34 | E635: Yan Block, De La Rose, Hades66, Ñengo Flow | F635: Yan Block | G635: De La Rose | H635: Hades66 | I635: Ñengo Flow | J635: NA | K635: NA | L635: NA | M635: NA | N635: NA | O635: NA | P635: =IF(F635="NA","NA",_xlfn.XLOOKUP(TRIM(F635),nacionalidad!A:A,nacionalidad!B:B,"Por verificar")) -> Puerto Rico | Q635: =IF(G635="NA","NA",_xlfn.XLOOKUP(TRIM(G635),nacionalidad!A:A,nacionalidad!B:B,"Por verificar")) -> Puerto Rico | R635: =IF(H635="NA","NA",_xlfn.XLOOKUP(TRIM(H635),nacionalidad!A:A,nacionalidad!B:B,"Por verificar")) -> Puerto Rico | S635: =IF(I635="NA","NA",_xlfn.XLOOKUP(TRIM(I635),nacionalidad!A:A,nacionalidad!B:B,"Por verificar")) -> Puerto Rico | T635: =IF(J635="NA","NA",_xlfn.XLOOKUP(TRIM(J635),nacionalidad!A:A,nacionalidad!B:B,"Por verificar")) -> NA | U635: =IF(K635="NA","NA",_xlfn.XLOOKUP(TRIM(K635),nacionalidad!A:A,nacionalidad!B:B,"Por verificar")) -> NA | V635: =IF(L635="NA","NA",_xlfn.XLOOKUP(TRIM(L635),nacionalidad!A:A,nacionalidad!B:B,"Por verificar")) -> NA | W635: =IF(M635="NA","NA",_xlfn.XLOOKUP(TRIM(M635),nacionalidad!A:A,nacionalidad!B:B,"Por verificar")) -> NA | ... Y635: =IF(O635="NA","NA",_xlfn.XLOOKUP(TRIM(O635),nacionalidad!A:A,nacionalidad!B:B,"Por verificar")) -> NA | Z635: 444 - Remix | AA635: SONAR LLC. | AB635: 34 | AC635: -1 | AD635: 1 | AE635: 657119
A636: Colombia | B636: 45967 | C636: noviembre_2025 | D636: 35 | E636: Tony Dize, Plan B | F636: Tony Dize | G636: Plan B | H636: NA | I636: NA | J636: NA | K636: NA | L636: NA | M636: NA | N636: NA | O636: NA | P636: =IF(F636="NA","NA",_xlfn.XLOOKUP(TRIM(F636),nacionalidad!A:A,nacionalidad!B:B,"Por verificar")) -> Puerto Rico | Q636: =IF(G636="NA","NA",_xlfn.XLOOKUP(TRIM(G636),nacionalidad!A:A,nacionalidad!B:B,"Por verificar")) -> Puerto Rico | R636: =IF(H636="NA","NA",_xlfn.XLOOKUP(TRIM(H636),nacionalidad!A:A,nacionalidad!B:B,"Por verificar")) -> NA | S636: =IF(I636="NA","NA",_xlfn.XLOOKUP(TRIM(I636),nacionalidad!A:A,nacionalidad!B:B,"Por verificar")) -> NA | T636: =IF(J636="NA","NA",_xlfn.XLOOKUP(TRIM(J636),nacionalidad!A:A,nacionalidad!B:B,"Por verificar")) -> NA | U636: =IF(K636="NA","NA",_xlfn.XLOOKUP(TRIM(K636),nacionalidad!A:A,nacionalidad!B:B,"Por verificar")) -> NA | V636: =IF(L636="NA","NA",_xlfn.XLOOKUP(TRIM(L636),nacionalidad!A:A,nacionalidad!B:B,"Por verificar")) -> NA | W636: =IF(M636="NA","NA",_xlfn.XLOOKUP(TRIM(M636),nacionalidad!A:A,nacionalidad!B:B,"Por verificar")) -> NA | ... Y636: =IF(O636="NA","NA",_xlfn.XLOOKUP(TRIM(O636),nacionalidad!A:A,nacionalidad!B:B,"Por verificar")) -> NA | Z636: Solos | AA636: Pina Records | AB636: 29 | AC636: 31 | AD636: 160 | AE636: 653601
A637: Colombia | B637: 45967 | C637: noviembre_2025 | D637: 36 | E637: Grupo Firme | F637: Grupo Firme | G637: NA | H637: NA | I637: NA | J637: NA | K637: NA | L637: NA | M637: NA | N637: NA | O637: NA | P637: =IF(F637="NA","NA",_xlfn.XLOOKUP(TRIM(F637),nacionalidad!A:A,nacionalidad!B:B,"Por verificar")) -> Mexico | Q637: =IF(G637="NA","NA",_xlfn.XLOOKUP(TRIM(G637),nacionalidad!A:A,nacionalidad!B:B,"Por verificar")) -> NA | R637: =IF(H637="NA","NA",_xlfn.XLOOKUP(TRIM(H637),nacionalidad!A:A,nacionalidad!B:B,"Por verificar")) -> NA | S637: =IF(I637="NA","NA",_xlfn.XLOOKUP(TRIM(I637),nacionalidad!A:A,nacionalidad!B:B,"Por verificar")) -> NA | T637: =IF(J637="NA","NA",_xlfn.XLOOKUP(TRIM(J637),nacionalidad!A:A,nacionalidad!B:B,"Por verificar")) -> NA | U637: =IF(K637="NA","NA",_xlfn.XLOOKUP(TRIM(K637),nacionalidad!A:A,nacionalidad!B:B,"Por verificar")) -> NA | V637: =IF(L637="NA","NA",_xlfn.XLOOKUP(TRIM(L637),nacionalidad!A:A,nacionalidad!B:B,"Por verificar")) -> NA | W637: =IF(M637="NA","NA",_xlfn.XLOOKUP(TRIM(M637),nacionalidad!A:A,nacionalidad!B:B,"Por verificar")) -> NA | ... Y637: =IF(O637="NA","NA",_xlfn.XLOOKUP(TRIM(O637),nacionalidad!A:A,nacionalidad!B:B,"Por verificar")) -> NA | Z637: El Beneficio De La Duda | AA637: Music VIP Entertainment Presenta Grupo Firme | AB637: 36 | AC637: 44 | AD637: 37 | AE637: 647501
A638: Colombia | B638: 45967 | C638: noviembre_2025 | D638: 37 | E638: Héctor "El Father", Wisin & Yandel | F638: Héctor "El Father" | G638: Wisin & Yandel | H638: NA | I638: NA | J638: NA | K638: NA | L638: NA | M638: NA | N638: NA | O638: NA | P638: =IF(F638="NA","NA",_xlfn.XLOOKUP(TRIM(F638),nacionalidad!A:A,nacionalidad!B:B,"Por verificar")) -> Puerto Rico | Q638: =IF(G638="NA","NA",_xlfn.XLOOKUP(TRIM(G638),nacionalidad!A:A,nacionalidad!B:B,"Por verificar")) -> Puerto Rico | R638: =IF(H638="NA","NA",_xlfn.XLOOKUP(TRIM(H638),nacionalidad!A:A,nacionalidad!B:B,"Por verificar")) -> NA | S638: =IF(I638="NA","NA",_xlfn.XLOOKUP(TRIM(I638),nacionalidad!A:A,nacionalidad!B:B,"Por verificar")) -> NA | T638: =IF(J638="NA","NA",_xlfn.XLOOKUP(TRIM(J638),nacionalidad!A:A,nacionalidad!B:B,"Por verificar")) -> NA | U638: =IF(K638="NA","NA",_xlfn.XLOOKUP(TRIM(K638),nacionalidad!A:A,nacionalidad!B:B,"Por verificar")) -> NA | V638: =IF(L638="NA","NA",_xlfn.XLOOKUP(TRIM(L638),nacionalidad!A:A,nacionalidad!B:B,"Por verificar")) -> NA | W638: =IF(M638="NA","NA",_xlfn.XLOOKUP(TRIM(M638),nacionalidad!A:A,nacionalidad!B:B,"Por verificar")) -> NA | ... Y638: =IF(O638="NA","NA",_xlfn.XLOOKUP(TRIM(O638),nacionalidad!A:A,nacionalidad!B:B,"Por verificar")) -> NA | Z638: El Teléfono | AA638: Machete Music | AB638: 37 | AC638: 46 | AD638: 14 | AE638: 641825
A639: Colombia | B639: 45967 | C639: noviembre_2025 | D639: 38 | E639: Nicky Jam, Beéle | F639: Nicky Jam | G639: Beéle | H639: NA | I639: NA | J639: NA | K639: NA | L639: NA | M639: NA | N639: NA | O639: NA | P639: =IF(F639="NA","NA",_xlfn.XLOOKUP(TRIM(F639),nacionalidad!A:A,nacionalidad!B:B,"Por verificar")) -> Estados Unidos | Q639: =IF(G639="NA","NA",_xlfn.XLOOKUP(TRIM(G639),nacionalidad!A:A,nacionalidad!B:B,"Por verificar")) -> Colombia | R639: =IF(H639="NA","NA",_xlfn.XLOOKUP(TRIM(H639),nacionalidad!A:A,nacionalidad!B:B,"Por verificar")) -> NA | S639: =IF(I639="NA","NA",_xlfn.XLOOKUP(TRIM(I639),nacionalidad!A:A,nacionalidad!B:B,"Por verificar")) -> NA | T639: =IF(J639="NA","NA",_xlfn.XLOOKUP(TRIM(J639),nacionalidad!A:A,nacionalidad!B:B,"Por verificar")) -> NA | U639: =IF(K639="NA","NA",_xlfn.XLOOKUP(TRIM(K639),nacionalidad!A:A,nacionalidad!B:B,"Por verificar")) -> NA | V639: =IF(L639="NA","NA",_xlfn.XLOOKUP(TRIM(L639),nacionalidad!A:A,nacionalidad!B:B,"Por verificar")) -> NA | W639: =IF(M639="NA","NA",_xlfn.XLOOKUP(TRIM(M639),nacionalidad!A:A,nacionalidad!B:B,"Por verificar")) -> NA | ... Y639: =IF(O639="NA","NA",_xlfn.XLOOKUP(TRIM(O639),nacionalidad!A:A,nacionalidad!B:B,"Por verificar")) -> NA | Z639: Hiekka | AA639: Nicky Jam | AB639: 1 | AC639: 13 | AD639: 27 | AE639: 636815
A640: Colombia | B640: 45967 | C640: noviembre_2025 | D640: 39 | E640: Blessd, Los Money Makers, Prodmonja | F640: Blessd | G640: Los Money Makers | H640: Prodmonja | I640: NA | J640: NA | K640: NA | L640: NA | M640: NA | N640: NA | O640: NA | P640: =IF(F640="NA","NA",_xlfn.XLOOKUP(TRIM(F640),nacionalidad!A:A,nacionalidad!B:B,"Por verificar")) -> Colombia | Q640: =IF(G640="NA","NA",_xlfn.XLOOKUP(TRIM(G640),nacionalidad!A:A,nacionalidad!B:B,"Por verificar")) -> Colombia | R640: =IF(H640="NA","NA",_xlfn.XLOOKUP(TRIM(H640),nacionalidad!A:A,nacionalidad!B:B,"Por verificar")) -> Colombia | S640: =IF(I640="NA","NA",_xlfn.XLOOKUP(TRIM(I640),nacionalidad!A:A,nacionalidad!B:B,"Por verificar")) -> NA | T640: =IF(J640="NA","NA",_xlfn.XLOOKUP(TRIM(J640),nacionalidad!A:A,nacionalidad!B:B,"Por verificar")) -> NA | U640: =IF(K640="NA","NA",_xlfn.XLOOKUP(TRIM(K640),nacionalidad!A:A,nacionalidad!B:B,"Por verificar")) -> NA | V640: =IF(L640="NA","NA",_xlfn.XLOOKUP(TRIM(L640),nacionalidad!A:A,nacionalidad!B:B,"Por verificar")) -> NA | W640: =IF(M640="NA","NA",_xlfn.XLOOKUP(TRIM(M640),nacionalidad!A:A,nacionalidad!B:B,"Por verificar")) -> NA | ... Y640: =IF(O640="NA","NA",_xlfn.XLOOKUP(TRIM(O640),nacionalidad!A:A,nacionalidad!B:B,"Por verificar")) -> NA | Z640: NUEVA YORK | AA640: WEA Latina | AB640: 39 | AC640: 40 | AD640: 23 | AE640: 633313
A641: Colombia | B641: 45967 | C641: noviembre_2025 | D641: 40 | E641: Luar La L, ROA, Blessd | F641: Luar La L | G641: ROA | H641: Blessd | I641: NA | J641: NA | K641: NA | L641: NA | M641: NA | N641: NA | O641: NA | P641: =IF(F641="NA","NA",_xlfn.XLOOKUP(TRIM(F641),nacionalidad!A:A,nacionalidad!B:B,"Por verificar")) -> Puerto Rico | Q641: =IF(G641="NA","NA",_xlfn.XLOOKUP(TRIM(G641),nacionalidad!A:A,nacionalidad!B:B,"Por verificar")) -> Puerto Rico | R641: =IF(H641="NA","NA",_xlfn.XLOOKUP(TRIM(H641),nacionalidad!A:A,nacionalidad!B:B,"Por verificar")) -> Colombia | S641: =IF(I641="NA","NA",_xlfn.XLOOKUP(TRIM(I641),nacionalidad!A:A,nacionalidad!B:B,"Por verificar")) -> NA | T641: =IF(J641="NA","NA",_xlfn.XLOOKUP(TRIM(J641),nacionalidad!A:A,nacionalidad!B:B,"Por verificar")) -> NA | U641: =IF(K641="NA","NA",_xlfn.XLOOKUP(TRIM(K641),nacionalidad!A:A,nacionalidad!B:B,"Por verificar")) -> NA | V641: =IF(L641="NA","NA",_xlfn.XLOOKUP(TRIM(L641),nacionalidad!A:A,nacionalidad!B:B,"Por verificar")) -> NA | W641: =IF(M641="NA","NA",_xlfn.XLOOKUP(TRIM(M641),nacionalidad!A:A,nacionalidad!B:B,"Por verificar")) -> NA | ... Y641: =IF(O641="NA","NA",_xlfn.XLOOKUP(TRIM(O641),nacionalidad!A:A,nacionalidad!B:B,"Por verificar")) -> NA | Z641: Pieza Exhibición | AA641: WEA Latina | AB641: 40 | AC641: 117 | AD641: 2 | AE641: 620979
A642: Colombia | B642: 45967 | C642: noviembre_2025 | D642: 41 | E642: Bad Bunny, Ozuna, Farruko, Arcángel, Ñengo Flow, DJ Luian, Mambo Kingz | F642: Bad Bunny | G642: Ozuna | H642: Farruko | I642: Arcángel | J642: Ñengo Flow | K642: DJ Luian | L642: Mambo Kingz | M642: NA | N642: NA | O642: NA | P642: =IF(F642="NA","NA",_xlfn.XLOOKUP(TRIM(F642),nacionalidad!A:A,nacionalidad!B:B,"Por verificar")) -> Puerto Rico | Q642: =IF(G642="NA","NA",_xlfn.XLOOKUP(TRIM(G642),nacionalidad!A:A,nacionalidad!B:B,"Por verificar")) -> Puerto Rico | R642: =IF(H642="NA","NA",_xlfn.XLOOKUP(TRIM(H642),nacionalidad!A:A,nacionalidad!B:B,"Por verificar")) -> Puerto Rico | S642: =IF(I642="NA","NA",_xlfn.XLOOKUP(TRIM(I642),nacionalidad!A:A,nacionalidad!B:B,"Por verificar")) -> Puerto Rico | T642: =IF(J642="NA","NA",_xlfn.XLOOKUP(TRIM(J642),nacionalidad!A:A,nacionalidad!B:B,"Por verificar")) -> Puerto Rico | U642: =IF(K642="NA","NA",_xlfn.XLOOKUP(TRIM(K642),nacionalidad!A:A,nacionalidad!B:B,"Por verificar")) -> Puerto Rico | V642: =IF(L642="NA","NA",_xlfn.XLOOKUP(TRIM(L642),nacionalidad!A:A,nacionalidad!B:B,"Por verificar")) -> Puerto Rico | W642: =IF(M642="NA","NA",_xlfn.XLOOKUP(TRIM(M642),nacionalidad!A:A,nacionalidad!B:B,"Por verificar")) -> NA | ... Y642: =IF(O642="NA","NA",_xlfn.XLOOKUP(TRIM(O642),nacionalidad!A:A,nacionalidad!B:B,"Por verificar")) -> NA | Z642: Diles | AA642: Rimas Entertainment LLC | AB642: 39 | AC642: 45 | AD642: 283 | AE642: 615713
A643: Colombia | B643: 45967 | C643: noviembre_2025 | D643: 42 | E643: Danny Ocean, Kapo | F643: Danny Ocean | G643: Kapo | H643: NA | I643: NA | J643: NA | K643: NA | L643: NA | M643: NA | N643: NA | O643: NA | P643: =IF(F643="NA","NA",_xlfn.XLOOKUP(TRIM(F643),nacionalidad!A:A,nacionalidad!B:B,"Por verificar")) -> Venezuela | Q643: =IF(G643="NA","NA",_xlfn.XLOOKUP(TRIM(G643),nacionalidad!A:A,nacionalidad!B:B,"Por verificar")) -> Colombia | R643: =IF(H643="NA","NA",_xlfn.XLOOKUP(TRIM(H643),nacionalidad!A:A,nacionalidad!B:B,"Por verificar")) -> NA | S643: =IF(I643="NA","NA",_xlfn.XLOOKUP(TRIM(I643),nacionalidad!A:A,nacionalidad!B:B,"Por verificar")) -> NA | T643: =IF(J643="NA","NA",_xlfn.XLOOKUP(TRIM(J643),nacionalidad!A:A,nacionalidad!B:B,"Por verificar")) -> NA | U643: =IF(K643="NA","NA",_xlfn.XLOOKUP(TRIM(K643),nacionalidad!A:A,nacionalidad!B:B,"Por verificar")) -> NA | V643: =IF(L643="NA","NA",_xlfn.XLOOKUP(TRIM(L643),nacionalidad!A:A,nacionalidad!B:B,"Por verificar")) -> NA | W643: =IF(M643="NA","NA",_xlfn.XLOOKUP(TRIM(M643),nacionalidad!A:A,nacionalidad!B:B,"Por verificar")) -> NA | ... Y643: =IF(O643="NA","NA",_xlfn.XLOOKUP(TRIM(O643),nacionalidad!A:A,nacionalidad!B:B,"Por verificar")) -> NA | Z643: Imagínate | AA643: Atlantic Records | AB643: 1 | AC643: 54 | AD643: 52 | AE643: 615550
A644: Colombia | B644: 45967 | C644: noviembre_2025 | D644: 43 | E644: Bad Bunny | F644: Bad Bunny | G644: NA | H644: NA | I644: NA | J644: NA | K644: NA | L644: NA | M644: NA | N644: NA | O644: NA | P644: =IF(F644="NA","NA",_xlfn.XLOOKUP(TRIM(F644),nacionalidad!A:A,nacionalidad!B:B,"Por verificar")) -> Puerto Rico | Q644: =IF(G644="NA","NA",_xlfn.XLOOKUP(TRIM(G644),nacionalidad!A:A,nacionalidad!B:B,"Por verificar")) -> NA | R644: =IF(H644="NA","NA",_xlfn.XLOOKUP(TRIM(H644),nacionalidad!A:A,nacionalidad!B:B,"Por verificar")) -> NA | S644: =IF(I644="NA","NA",_xlfn.XLOOKUP(TRIM(I644),nacionalidad!A:A,nacionalidad!B:B,"Por verificar")) -> NA | T644: =IF(J644="NA","NA",_xlfn.XLOOKUP(TRIM(J644),nacionalidad!A:A,nacionalidad!B:B,"Por verificar")) -> NA | U644: =IF(K644="NA","NA",_xlfn.XLOOKUP(TRIM(K644),nacionalidad!A:A,nacionalidad!B:B,"Por verificar")) -> NA | V644: =IF(L644="NA","NA",_xlfn.XLOOKUP(TRIM(L644),nacionalidad!A:A,nacionalidad!B:B,"Por verificar")) -> NA | W644: =IF(M644="NA","NA",_xlfn.XLOOKUP(TRIM(M644),nacionalidad!A:A,nacionalidad!B:B,"Por verificar")) -> NA | ... Y644: =IF(O644="NA","NA",_xlfn.XLOOKUP(TRIM(O644),nacionalidad!A:A,nacionalidad!B:B,"Por verificar")) -> NA | Z644: BAILE INoLVIDABLE | AA644: Rimas Entertainment LLC. | AB644: 1 | AC644: 42 | AD644: 44 | AE644: 609337
A645: Colombia | B645: 45967 | C645: noviembre_2025 | D645: 44 | E645: Arcángel | F645: Arcángel | G645: NA | H645: NA | I645: NA | J645: NA | K645: NA | L645: NA | M645: NA | N645: NA | O645: NA | P645: =IF(F645="NA","NA",_xlfn.XLOOKUP(TRIM(F645),nacionalidad!A:A,nacionalidad!B:B,"Por verificar")) -> Puerto Rico | Q645: =IF(G645="NA","NA",_xlfn.XLOOKUP(TRIM(G645),nacionalidad!A:A,nacionalidad!B:B,"Por verificar")) -> NA | R645: =IF(H645="NA","NA",_xlfn.XLOOKUP(TRIM(H645),nacionalidad!A:A,nacionalidad!B:B,"Por verificar")) -> NA | S645: =IF(I645="NA","NA",_xlfn.XLOOKUP(TRIM(I645),nacionalidad!A:A,nacionalidad!B:B,"Por verificar")) -> NA | T645: =IF(J645="NA","NA",_xlfn.XLOOKUP(TRIM(J645),nacionalidad!A:A,nacionalidad!B:B,"Por verificar")) -> NA | U645: =IF(K645="NA","NA",_xlfn.XLOOKUP(TRIM(K645),nacionalidad!A:A,nacionalidad!B:B,"Por verificar")) -> NA | V645: =IF(L645="NA","NA",_xlfn.XLOOKUP(TRIM(L645),nacionalidad!A:A,nacionalidad!B:B,"Por verificar")) -> NA | W645: =IF(M645="NA","NA",_xlfn.XLOOKUP(TRIM(M645),nacionalidad!A:A,nacionalidad!B:B,"Por verificar")) -> NA | ... Y645: =IF(O645="NA","NA",_xlfn.XLOOKUP(TRIM(O645),nacionalidad!A:A,nacionalidad!B:B,"Por verificar")) -> NA | Z645: Pa' Que La Pases Bien | AA645: Cinq Recordings | AB645: 23 | AC645: 50 | AD645: 148 | AE645: 606711
A646: Colombia | B646: 45967 | C646: noviembre_2025 | D646: 45 | E646: Shakira, Ed Sheeran, Beéle | F646: Shakira | G646: Ed Sheeran | H646: Beéle | I646: NA | J646: NA | K646: NA | L646: NA | M646: NA | N646: NA | O646: NA | P646: =IF(F646="NA","NA",_xlfn.XLOOKUP(TRIM(F646),nacionalidad!A:A,nacionalidad!B:B,"Por verificar")) -> Colombia | Q646: =IF(G646="NA","NA",_xlfn.XLOOKUP(TRIM(G646),nacionalidad!A:A,nacionalidad!B:B,"Por verificar")) -> Reino Unido | R646: =IF(H646="NA","NA",_xlfn.XLOOKUP(TRIM(H646),nacionalidad!A:A,nacionalidad!B:B,"Por verificar")) -> Colombia | S646: =IF(I646="NA","NA",_xlfn.XLOOKUP(TRIM(I646),nacionalidad!A:A,nacionalidad!B:B,"Por verificar")) -> NA | T646: =IF(J646="NA","NA",_xlfn.XLOOKUP(TRIM(J646),nacionalidad!A:A,nacionalidad!B:B,"Por verificar")) -> NA | U646: =IF(K646="NA","NA",_xlfn.XLOOKUP(TRIM(K646),nacionalidad!A:A,nacionalidad!B:B,"Por verificar")) -> NA | V646: =IF(L646="NA","NA",_xlfn.XLOOKUP(TRIM(L646),nacionalidad!A:A,nacionalidad!B:B,"Por verificar")) -> NA | W646: =IF(M646="NA","NA",_xlfn.XLOOKUP(TRIM(M646),nacionalidad!A:A,nacionalidad!B:B,"Por verificar")) -> NA | ... Y646: =IF(O646="NA","NA",_xlfn.XLOOKUP(TRIM(O646),nacionalidad!A:A,nacionalidad!B:B,"Por verificar")) -> NA | Z646: Hips Don't Lie - Spotify Anniversary Version | AA646: Sony Music Latin | AB646: 20 | AC646: 20 | AD646: 2 | AE646: 599973
... A685: Colombia | B685: 45995 | C685: diciembre_2025 | D685: 34 | E685: Blessd, Sebastian Ledher, Tayson Kryss, Joseph Ren | F685: Blessd | G685: Sebastian Ledher | H685: Tayson Kryss | I685: Joseph Ren | J685: NA | K685: NA | L685: NA | M685: NA | N685: NA | O685: NA | P685: =IF(F685="NA","NA",_xlfn.XLOOKUP(TRIM(F685),nacionalidad!A:A,nacionalidad!B:B,"Por verificar")) -> Colombia | Q685: =IF(G685="NA","NA",_xlfn.XLOOKUP(TRIM(G685),nacionalidad!A:A,nacionalidad!B:B,"Por verificar")) -> Colombia | R685: =IF(H685="NA","NA",_xlfn.XLOOKUP(TRIM(H685),nacionalidad!A:A,nacionalidad!B:B,"Por verificar")) -> Cuba | S685: =IF(I685="NA","NA",_xlfn.XLOOKUP(TRIM(I685),nacionalidad!A:A,nacionalidad!B:B,"Por verificar")) -> Colombia | T685: =IF(J685="NA","NA",_xlfn.XLOOKUP(TRIM(J685),nacionalidad!A:A,nacionalidad!B:B,"Por verificar")) -> NA | U685: =IF(K685="NA","NA",_xlfn.XLOOKUP(TRIM(K685),nacionalidad!A:A,nacionalidad!B:B,"Por verificar")) -> NA | V685: =IF(L685="NA","NA",_xlfn.XLOOKUP(TRIM(L685),nacionalidad!A:A,nacionalidad!B:B,"Por verificar")) -> NA | W685: =IF(M685="NA","NA",_xlfn.XLOOKUP(TRIM(M685),nacionalidad!A:A,nacionalidad!B:B,"Por verificar")) -> NA | ... Y685: =IF(O685="NA","NA",_xlfn.XLOOKUP(TRIM(O685),nacionalidad!A:A,nacionalidad!B:B,"Por verificar")) -> NA | Z685: UNA NOCHE DE LOCURA | AA685: WEA Latina | AB685: 10 | AC685: 24 | AD685: 28 | AE685: 668313
A686: Colombia | B686: 45995 | C686: diciembre_2025 | D686: 35 | E686: Yan Block, Panda Black | F686: Yan Block | G686: Panda Black | H686: NA | I686: NA | J686: NA | K686: NA | L686: NA | M686: NA | N686: NA | O686: NA | P686: =IF(F686="NA","NA",_xlfn.XLOOKUP(TRIM(F686),nacionalidad!A:A,nacionalidad!B:B,"Por verificar")) -> Puerto Rico | Q686: =IF(G686="NA","NA",_xlfn.XLOOKUP(TRIM(G686),nacionalidad!A:A,nacionalidad!B:B,"Por verificar")) -> Puerto Rico | R686: =IF(H686="NA","NA",_xlfn.XLOOKUP(TRIM(H686),nacionalidad!A:A,nacionalidad!B:B,"Por verificar")) -> NA | S686: =IF(I686="NA","NA",_xlfn.XLOOKUP(TRIM(I686),nacionalidad!A:A,nacionalidad!B:B,"Por verificar")) -> NA | T686: =IF(J686="NA","NA",_xlfn.XLOOKUP(TRIM(J686),nacionalidad!A:A,nacionalidad!B:B,"Por verificar")) -> NA | U686: =IF(K686="NA","NA",_xlfn.XLOOKUP(TRIM(K686),nacionalidad!A:A,nacionalidad!B:B,"Por verificar")) -> NA | V686: =IF(L686="NA","NA",_xlfn.XLOOKUP(TRIM(L686),nacionalidad!A:A,nacionalidad!B:B,"Por verificar")) -> NA | W686: =IF(M686="NA","NA",_xlfn.XLOOKUP(TRIM(M686),nacionalidad!A:A,nacionalidad!B:B,"Por verificar")) -> NA | ... Y686: =IF(O686="NA","NA",_xlfn.XLOOKUP(TRIM(O686),nacionalidad!A:A,nacionalidad!B:B,"Por verificar")) -> NA | Z686: 444 | AA686: SONAR LLC. | AB686: 25 | AC686: 39 | AD686: 72 | AE686: 665274
A687: Colombia | B687: 45995 | C687: diciembre_2025 | D687: 36 | E687: W Sound, Blessd, Ovy On The Drums | F687: W Sound | G687: Blessd | H687: Ovy On The Drums | I687: NA | J687: NA | K687: NA | L687: NA | M687: NA | N687: NA | O687: NA | P687: =IF(F687="NA","NA",_xlfn.XLOOKUP(TRIM(F687),nacionalidad!A:A,nacionalidad!B:B,"Por verificar")) -> Colombia | Q687: =IF(G687="NA","NA",_xlfn.XLOOKUP(TRIM(G687),nacionalidad!A:A,nacionalidad!B:B,"Por verificar")) -> Colombia | R687: =IF(H687="NA","NA",_xlfn.XLOOKUP(TRIM(H687),nacionalidad!A:A,nacionalidad!B:B,"Por verificar")) -> Colombia | S687: =IF(I687="NA","NA",_xlfn.XLOOKUP(TRIM(I687),nacionalidad!A:A,nacionalidad!B:B,"Por verificar")) -> NA | T687: =IF(J687="NA","NA",_xlfn.XLOOKUP(TRIM(J687),nacionalidad!A:A,nacionalidad!B:B,"Por verificar")) -> NA | U687: =IF(K687="NA","NA",_xlfn.XLOOKUP(TRIM(K687),nacionalidad!A:A,nacionalidad!B:B,"Por verificar")) -> NA | V687: =IF(L687="NA","NA",_xlfn.XLOOKUP(TRIM(L687),nacionalidad!A:A,nacionalidad!B:B,"Por verificar")) -> NA | W687: =IF(M687="NA","NA",_xlfn.XLOOKUP(TRIM(M687),nacionalidad!A:A,nacionalidad!B:B,"Por verificar")) -> NA | ... Y687: =IF(O687="NA","NA",_xlfn.XLOOKUP(TRIM(O687),nacionalidad!A:A,nacionalidad!B:B,"Por verificar")) -> NA | Z687: Soltera - W Sound 01 | AA687: WEA Latina | AB687: 1 | AC687: 20 | AD687: 70 | AE687: 658724
A688: Colombia | B688: 45995 | C688: diciembre_2025 | D688: 37 | E688: Fuerza Regida, Grupo Frontera | F688: Fuerza Regida | G688: Grupo Frontera | H688: NA | I688: NA | J688: NA | K688: NA | L688: NA | M688: NA | N688: NA | O688: NA | P688: =IF(F688="NA","NA",_xlfn.XLOOKUP(TRIM(F688),nacionalidad!A:A,nacionalidad!B:B,"Por verificar")) -> Mexico | Q688: =IF(G688="NA","NA",_xlfn.XLOOKUP(TRIM(G688),nacionalidad!A:A,nacionalidad!B:B,"Por verificar")) -> Mexico | R688: =IF(H688="NA","NA",_xlfn.XLOOKUP(TRIM(H688),nacionalidad!A:A,nacionalidad!B:B,"Por verificar")) -> NA | S688: =IF(I688="NA","NA",_xlfn.XLOOKUP(TRIM(I688),nacionalidad!A:A,nacionalidad!B:B,"Por verificar")) -> NA | T688: =IF(J688="NA","NA",_xlfn.XLOOKUP(TRIM(J688),nacionalidad!A:A,nacionalidad!B:B,"Por verificar")) -> NA | U688: =IF(K688="NA","NA",_xlfn.XLOOKUP(TRIM(K688),nacionalidad!A:A,nacionalidad!B:B,"Por verificar")) -> NA | V688: =IF(L688="NA","NA",_xlfn.XLOOKUP(TRIM(L688),nacionalidad!A:A,nacionalidad!B:B,"Por verificar")) -> NA | W688: =IF(M688="NA","NA",_xlfn.XLOOKUP(TRIM(M688),nacionalidad!A:A,nacionalidad!B:B,"Por verificar")) -> NA | ... Y688: =IF(O688="NA","NA",_xlfn.XLOOKUP(TRIM(O688),nacionalidad!A:A,nacionalidad!B:B,"Por verificar")) -> NA | Z688: COQUETA | AA688: Rancho Humilde/Streetmob Records/Grupo Frontera/Sony Music Latin | AB688: 19 | AC688: 28 | AD688: 31 | AE688: 657399
A689: Colombia | B689: 45995 | C689: diciembre_2025 | D689: 38 | E689: Ryan Castro, Kapo, Gangsta | F689: Ryan Castro | G689: Kapo | H689: Gangsta | I689: NA | J689: NA | K689: NA | L689: NA | M689: NA | N689: NA | O689: NA | P689: =IF(F689="NA","NA",_xlfn.XLOOKUP(TRIM(F689),nacionalidad!A:A,nacionalidad!B:B,"Por verificar")) -> Colombia | Q689: =IF(G689="NA","NA",_xlfn.XLOOKUP(TRIM(G689),nacionalidad!A:A,nacionalidad!B:B,"Por verificar")) -> Colombia | R689: =IF(H689="NA","NA",_xlfn.XLOOKUP(TRIM(H689),nacionalidad!A:A,nacionalidad!B:B,"Por verificar")) -> Colombia | S689: =IF(I689="NA","NA",_xlfn.XLOOKUP(TRIM(I689),nacionalidad!A:A,nacionalidad!B:B,"Por verificar")) -> NA | T689: =IF(J689="NA","NA",_xlfn.XLOOKUP(TRIM(J689),nacionalidad!A:A,nacionalidad!B:B,"Por verificar")) -> NA | U689: =IF(K689="NA","NA",_xlfn.XLOOKUP(TRIM(K689),nacionalidad!A:A,nacionalidad!B:B,"Por verificar")) -> NA | V689: =IF(L689="NA","NA",_xlfn.XLOOKUP(TRIM(L689),nacionalidad!A:A,nacionalidad!B:B,"Por verificar")) -> NA | W689: =IF(M689="NA","NA",_xlfn.XLOOKUP(TRIM(M689),nacionalidad!A:A,nacionalidad!B:B,"Por verificar")) -> NA | ... Y689: =IF(O689="NA","NA",_xlfn.XLOOKUP(TRIM(O689),nacionalidad!A:A,nacionalidad!B:B,"Por verificar")) -> NA | Z689: LA VILLA | AA689: AWOO Corp./Sony Music Latin | AB689: 38 | AC689: 56 | AD689: 5 | AE689: 634939
A690: Colombia | B690: 45995 | C690: diciembre_2025 | D690: 39 | E690: Kris R. | F690: Kris R. | G690: NA | H690: NA | I690: NA | J690: NA | K690: NA | L690: NA | M690: NA | N690: NA | O690: NA | P690: =IF(F690="NA","NA",_xlfn.XLOOKUP(TRIM(F690),nacionalidad!A:A,nacionalidad!B:B,"Por verificar")) -> Colombia | Q690: =IF(G690="NA","NA",_xlfn.XLOOKUP(TRIM(G690),nacionalidad!A:A,nacionalidad!B:B,"Por verificar")) -> NA | R690: =IF(H690="NA","NA",_xlfn.XLOOKUP(TRIM(H690),nacionalidad!A:A,nacionalidad!B:B,"Por verificar")) -> NA | S690: =IF(I690="NA","NA",_xlfn.XLOOKUP(TRIM(I690),nacionalidad!A:A,nacionalidad!B:B,"Por verificar")) -> NA | T690: =IF(J690="NA","NA",_xlfn.XLOOKUP(TRIM(J690),nacionalidad!A:A,nacionalidad!B:B,"Por verificar")) -> NA | U690: =IF(K690="NA","NA",_xlfn.XLOOKUP(TRIM(K690),nacionalidad!A:A,nacionalidad!B:B,"Por verificar")) -> NA | V690: =IF(L690="NA","NA",_xlfn.XLOOKUP(TRIM(L690),nacionalidad!A:A,nacionalidad!B:B,"Por verificar")) -> NA | W690: =IF(M690="NA","NA",_xlfn.XLOOKUP(TRIM(M690),nacionalidad!A:A,nacionalidad!B:B,"Por verificar")) -> NA | ... Y690: =IF(O690="NA","NA",_xlfn.XLOOKUP(TRIM(O690),nacionalidad!A:A,nacionalidad!B:B,"Por verificar")) -> NA | Z690: LOS CACORROS USAN KLEIMOND | AA690: WEA Latina | AB690: 4 | AC690: 25 | AD690: 10 | AE690: 631783
A691: Colombia | B691: 45995 | C691: diciembre_2025 | D691: 40 | E691: Blessd, Los Money Makers, Prodmonja | F691: Blessd | G691: Los Money Makers | H691: Prodmonja | I691: NA | J691: NA | K691: NA | L691: NA | M691: NA | N691: NA | O691: NA | P691: =IF(F691="NA","NA",_xlfn.XLOOKUP(TRIM(F691),nacionalidad!A:A,nacionalidad!B:B,"Por verificar")) -> Colombia | Q691: =IF(G691="NA","NA",_xlfn.XLOOKUP(TRIM(G691),nacionalidad!A:A,nacionalidad!B:B,"Por verificar")) -> Colombia | R691: =IF(H691="NA","NA",_xlfn.XLOOKUP(TRIM(H691),nacionalidad!A:A,nacionalidad!B:B,"Por verificar")) -> Colombia | S691: =IF(I691="NA","NA",_xlfn.XLOOKUP(TRIM(I691),nacionalidad!A:A,nacionalidad!B:B,"Por verificar")) -> NA | T691: =IF(J691="NA","NA",_xlfn.XLOOKUP(TRIM(J691),nacionalidad!A:A,nacionalidad!B:B,"Por verificar")) -> NA | U691: =IF(K691="NA","NA",_xlfn.XLOOKUP(TRIM(K691),nacionalidad!A:A,nacionalidad!B:B,"Por verificar")) -> NA | V691: =IF(L691="NA","NA",_xlfn.XLOOKUP(TRIM(L691),nacionalidad!A:A,nacionalidad!B:B,"Por verificar")) -> NA | W691: =IF(M691="NA","NA",_xlfn.XLOOKUP(TRIM(M691),nacionalidad!A:A,nacionalidad!B:B,"Por verificar")) -> NA | ... Y691: =IF(O691="NA","NA",_xlfn.XLOOKUP(TRIM(O691),nacionalidad!A:A,nacionalidad!B:B,"Por verificar")) -> NA | Z691: URUS BLUE | AA691: WEA Latina | AB691: 22 | AC691: 31 | AD691: 27 | AE691: 630249
A692: Colombia | B692: 45995 | C692: diciembre_2025 | D692: 41 | E692: KAROL G, Feid, DFZM, Ovy On The Drums, J Balvin, Maluma, Ryan Castro, Blessd | F692: KAROL G | G692: Feid | H692: DFZM | I692: Ovy On The Drums | J692: J Balvin | K692: Maluma | L692: Ryan Castro | M692: Blessd | N692: NA | O692: NA | P692: =IF(F692="NA","NA",_xlfn.XLOOKUP(TRIM(F692),nacionalidad!A:A,nacionalidad!B:B,"Por verificar")) -> Colombia | Q692: =IF(G692="NA","NA",_xlfn.XLOOKUP(TRIM(G692),nacionalidad!A:A,nacionalidad!B:B,"Por verificar")) -> Colombia | R692: =IF(H692="NA","NA",_xlfn.XLOOKUP(TRIM(H692),nacionalidad!A:A,nacionalidad!B:B,"Por verificar")) -> Colombia | S692: =IF(I692="NA","NA",_xlfn.XLOOKUP(TRIM(I692),nacionalidad!A:A,nacionalidad!B:B,"Por verificar")) -> Colombia | T692: =IF(J692="NA","NA",_xlfn.XLOOKUP(TRIM(J692),nacionalidad!A:A,nacionalidad!B:B,"Por verificar")) -> Colombia | U692: =IF(K692="NA","NA",_xlfn.XLOOKUP(TRIM(K692),nacionalidad!A:A,nacionalidad!B:B,"Por verificar")) -> Colombia | V692: =IF(L692="NA","NA",_xlfn.XLOOKUP(TRIM(L692),nacionalidad!A:A,nacionalidad!B:B,"Por verificar")) -> Colombia | W692: =IF(M692="NA","NA",_xlfn.XLOOKUP(TRIM(M692),nacionalidad!A:A,nacionalidad!B:B,"Por verificar")) -> Colombia | ... Y692: =IF(O692="NA","NA",_xlfn.XLOOKUP(TRIM(O692),nacionalidad!A:A,nacionalidad!B:B,"Por verificar")) -> NA | Z692: 57 | AA692: Bichota/Interscope Records | AB692: 1 | AC692: 42 | AD692: 56 | AE692: 626574
A693: Colombia | B693: 45995 | C693: diciembre_2025 | D693: 42 | E693: Bad Bunny, Ozuna, Farruko, Arcángel, Ñengo Flow, DJ Luian, Mambo Kingz | F693: Bad Bunny | G693: Ozuna | H693: Farruko | I693: Arcángel | J693: Ñengo Flow | K693: DJ Luian | L693: Mambo Kingz | M693: NA | N693: NA | O693: NA | P693: =IF(F693="NA","NA",_xlfn.XLOOKUP(TRIM(F693),nacionalidad!A:A,nacionalidad!B:B,"Por verificar")) -> Puerto Rico | Q693: =IF(G693="NA","NA",_xlfn.XLOOKUP(TRIM(G693),nacionalidad!A:A,nacionalidad!B:B,"Por verificar")) -> Puerto Rico | R693: =IF(H693="NA","NA",_xlfn.XLOOKUP(TRIM(H693),nacionalidad!A:A,nacionalidad!B:B,"Por verificar")) -> Puerto Rico | S693: =IF(I693="NA","NA",_xlfn.XLOOKUP(TRIM(I693),nacionalidad!A:A,nacionalidad!B:B,"Por verificar")) -> Puerto Rico | T693: =IF(J693="NA","NA",_xlfn.XLOOKUP(TRIM(J693),nacionalidad!A:A,nacionalidad!B:B,"Por verificar")) -> Puerto Rico | U693: =IF(K693="NA","NA",_xlfn.XLOOKUP(TRIM(K693),nacionalidad!A:A,nacionalidad!B:B,"Por verificar")) -> Puerto Rico | V693: =IF(L693="NA","NA",_xlfn.XLOOKUP(TRIM(L693),nacionalidad!A:A,nacionalidad!B:B,"Por verificar")) -> Puerto Rico | W693: =IF(M693="NA","NA",_xlfn.XLOOKUP(TRIM(M693),nacionalidad!A:A,nacionalidad!B:B,"Por verificar")) -> NA | ... Y693: =IF(O693="NA","NA",_xlfn.XLOOKUP(TRIM(O693),nacionalidad!A:A,nacionalidad!B:B,"Por verificar")) -> NA | Z693: Diles | AA693: Rimas Entertainment LLC | AB693: 39 | AC693: 46 | AD693: 287 | AE693: 616209
A694: Colombia | B694: 45995 | C694: diciembre_2025 | D694: 43 | E694: KAROL G, Marco Antonio Solís | F694: KAROL G | G694: Marco Antonio Solís | H694: NA | I694: NA | J694: NA | K694: NA | L694: NA | M694: NA | N694: NA | O694: NA | P694: =IF(F694="NA","NA",_xlfn.XLOOKUP(TRIM(F694),nacionalidad!A:A,nacionalidad!B:B,"Por verificar")) -> Colombia | Q694: =IF(G694="NA","NA",_xlfn.XLOOKUP(TRIM(G694),nacionalidad!A:A,nacionalidad!B:B,"Por verificar")) -> Mexico | R694: =IF(H694="NA","NA",_xlfn.XLOOKUP(TRIM(H694),nacionalidad!A:A,nacionalidad!B:B,"Por verificar")) -> NA | S694: =IF(I694="NA","NA",_xlfn.XLOOKUP(TRIM(I694),nacionalidad!A:A,nacionalidad!B:B,"Por verificar")) -> NA | T694: =IF(J694="NA","NA",_xlfn.XLOOKUP(TRIM(J694),nacionalidad!A:A,nacionalidad!B:B,"Por verificar")) -> NA | U694: =IF(K694="NA","NA",_xlfn.XLOOKUP(TRIM(K694),nacionalidad!A:A,nacionalidad!B:B,"Por verificar")) -> NA | V694: =IF(L694="NA","NA",_xlfn.XLOOKUP(TRIM(L694),nacionalidad!A:A,nacionalidad!B:B,"Por verificar")) -> NA | W694: =IF(M694="NA","NA",_xlfn.XLOOKUP(TRIM(M694),nacionalidad!A:A,nacionalidad!B:B,"Por verificar")) -> NA | ... Y694: =IF(O694="NA","NA",_xlfn.XLOOKUP(TRIM(O694),nacionalidad!A:A,nacionalidad!B:B,"Por verificar")) -> NA | Z694: Coleccionando Heridas | AA694: Bichota/Interscope Records | AB694: 10 | AC694: 35 | AD694: 24 | AE694: 604977
A695: Colombia | B695: 45995 | C695: diciembre_2025 | D695: 44 | E695: Rauw Alejandro, Romeo Santos | F695: Rauw Alejandro | G695: Romeo Santos | H695: NA | I695: NA | J695: NA | K695: NA | L695: NA | M695: NA | N695: NA | O695: NA | P695: =IF(F695="NA","NA",_xlfn.XLOOKUP(TRIM(F695),nacionalidad!A:A,nacionalidad!B:B,"Por verificar")) -> Puerto Rico | Q695: =IF(G695="NA","NA",_xlfn.XLOOKUP(TRIM(G695),nacionalidad!A:A,nacionalidad!B:B,"Por verificar")) -> Estados Unidos | R695: =IF(H695="NA","NA",_xlfn.XLOOKUP(TRIM(H695),nacionalidad!A:A,nacionalidad!B:B,"Por verificar")) -> NA | S695: =IF(I695="NA","NA",_xlfn.XLOOKUP(TRIM(I695),nacionalidad!A:A,nacionalidad!B:B,"Por verificar")) -> NA | T695: =IF(J695="NA","NA",_xlfn.XLOOKUP(TRIM(J695),nacionalidad!A:A,nacionalidad!B:B,"Por verificar")) -> NA | U695: =IF(K695="NA","NA",_xlfn.XLOOKUP(TRIM(K695),nacionalidad!A:A,nacionalidad!B:B,"Por verificar")) -> NA | V695: =IF(L695="NA","NA",_xlfn.XLOOKUP(TRIM(L695),nacionalidad!A:A,nacionalidad!B:B,"Por verificar")) -> NA | W695: =IF(M695="NA","NA",_xlfn.XLOOKUP(TRIM(M695),nacionalidad!A:A,nacionalidad!B:B,"Por verificar")) -> NA | ... Y695: =IF(O695="NA","NA",_xlfn.XLOOKUP(TRIM(O695),nacionalidad!A:A,nacionalidad!B:B,"Por verificar")) -> NA | Z695: Khé? | AA695: Sony Music Latin/Duars Entertainment | AB695: 7 | AC695: 62 | AD695: 55 | AE695: 602355
A696: Colombia | B696: 45995 | C696: diciembre_2025 | D696: 45 | E696: Zion & Lennox | F696: Zion & Lennox | G696: NA | H696: NA | I696: NA | J696: NA | K696: NA | L696: NA | M696: NA | N696: NA | O696: NA | P696: =IF(F696="NA","NA",_xlfn.XLOOKUP(TRIM(F696),nacionalidad!A:A,nacionalidad!B:B,"Por verificar")) -> Puerto Rico | Q696: =IF(G696="NA","NA",_xlfn.XLOOKUP(TRIM(G696),nacionalidad!A:A,nacionalidad!B:B,"Por verificar")) -> NA | R696: =IF(H696="NA","NA",_xlfn.XLOOKUP(TRIM(H696),nacionalidad!A:A,nacionalidad!B:B,"Por verificar")) -> NA | S696: =IF(I696="NA","NA",_xlfn.XLOOKUP(TRIM(I696),nacionalidad!A:A,nacionalidad!B:B,"Por verificar")) -> NA | T696: =IF(J696="NA","NA",_xlfn.XLOOKUP(TRIM(J696),nacionalidad!A:A,nacionalidad!B:B,"Por verificar")) -> NA | U696: =IF(K696="NA","NA",_xlfn.XLOOKUP(TRIM(K696),nacionalidad!A:A,nacionalidad!B:B,"Por verificar")) -> NA | V696: =IF(L696="NA","NA",_xlfn.XLOOKUP(TRIM(L696),nacionalidad!A:A,nacionalidad!B:B,"Por verificar")) -> NA | W696: =IF(M696="NA","NA",_xlfn.XLOOKUP(TRIM(M696),nacionalidad!A:A,nacionalidad!B:B,"Por verificar")) -> NA | ... Y696: =IF(O696="NA","NA",_xlfn.XLOOKUP(TRIM(O696),nacionalidad!A:A,nacionalidad!B:B,"Por verificar")) -> NA | Z696: La player (Bandolera) | AA696: WEA Latina | AB696: 2 | AC696: 51 | AD696: 162 | AE696: 600269
A697: Colombia | B697: 45995 | C697: diciembre_2025 | D697: 46 | E697: Tony Dize, Plan B | F697: Tony Dize | G697: Plan B | H697: NA | I697: NA | J697: NA | K697: NA | L697: NA | M697: NA | N697: NA | O697: NA | P697: =IF(F697="NA","NA",_xlfn.XLOOKUP(TRIM(F697),nacionalidad!A:A,nacionalidad!B:B,"Por verificar")) -> Puerto Rico | Q697: =IF(G697="NA","NA",_xlfn.XLOOKUP(TRIM(G697),nacionalidad!A:A,nacionalidad!B:B,"Por verificar")) -> Puerto Rico | R697: =IF(H697="NA","NA",_xlfn.XLOOKUP(TRIM(H697),nacionalidad!A:A,nacionalidad!B:B,"Por verificar")) -> NA | S697: =IF(I697="NA","NA",_xlfn.XLOOKUP(TRIM(I697),nacionalidad!A:A,nacionalidad!B:B,"Por verificar")) -> NA | T697: =IF(J697="NA","NA",_xlfn.XLOOKUP(TRIM(J697),nacionalidad!A:A,nacionalidad!B:B,"Por verificar")) -> NA | U697: =IF(K697="NA","NA",_xlfn.XLOOKUP(TRIM(K697),nacionalidad!A:A,nacionalidad!B:B,"Por verificar")) -> NA | V697: =IF(L697="NA","NA",_xlfn.XLOOKUP(TRIM(L697),nacionalidad!A:A,nacionalidad!B:B,"Por verificar")) -> NA | W697: =IF(M697="NA","NA",_xlfn.XLOOKUP(TRIM(M697),nacionalidad!A:A,nacionalidad!B:B,"Por verificar")) -> NA | ... Y697: =IF(O697="NA","NA",_xlfn.XLOOKUP(TRIM(O697),nacionalidad!A:A,nacionalidad!B:B,"Por verificar")) -> NA | Z697: Solos | AA697: Pina Records | AB697: 29 | AC697: 47 | AD697: 164 | AE697: 577539
A698: Colombia | B698: 45995 | C698: diciembre_2025 | D698: 47 | E698: Armando Hernandez, El Combo Caribe | F698: Armando Hernandez | G698: El Combo Caribe | H698: NA | I698: NA | J698: NA | K698: NA | L698: NA | M698: NA | N698: NA | O698: NA | P698: =IF(F698="NA","NA",_xlfn.XLOOKUP(TRIM(F698),nacionalidad!A:A,nacionalidad!B:B,"Por verificar")) -> Colombia | Q698: =IF(G698="NA","NA",_xlfn.XLOOKUP(TRIM(G698),nacionalidad!A:A,nacionalidad!B:B,"Por verificar")) -> Colombia | R698: =IF(H698="NA","NA",_xlfn.XLOOKUP(TRIM(H698),nacionalidad!A:A,nacionalidad!B:B,"Por verificar")) -> NA | S698: =IF(I698="NA","NA",_xlfn.XLOOKUP(TRIM(I698),nacionalidad!A:A,nacionalidad!B:B,"Por verificar")) -> NA | T698: =IF(J698="NA","NA",_xlfn.XLOOKUP(TRIM(J698),nacionalidad!A:A,nacionalidad!B:B,"Por verificar")) -> NA | U698: =IF(K698="NA","NA",_xlfn.XLOOKUP(TRIM(K698),nacionalidad!A:A,nacionalidad!B:B,"Por verificar")) -> NA | V698: =IF(L698="NA","NA",_xlfn.XLOOKUP(TRIM(L698),nacionalidad!A:A,nacionalidad!B:B,"Por verificar")) -> NA | W698: =IF(M698="NA","NA",_xlfn.XLOOKUP(TRIM(M698),nacionalidad!A:A,nacionalidad!B:B,"Por verificar")) -> NA | ... Y698: =IF(O698="NA","NA",_xlfn.XLOOKUP(TRIM(O698),nacionalidad!A:A,nacionalidad!B:B,"Por verificar")) -> NA | Z698: Loquito Por Ti | AA698: Discos Fuentes Edimúsica S.A.S. | AB698: 14 | AC698: -1 | AD698: 21 | AE698: 573554
A699: Colombia | B699: 45995 | C699: diciembre_2025 | D699: 48 | E699: Danny Ocean, Kapo | F699: Danny Ocean | G699: Kapo | H699: NA | I699: NA | J699: NA | K699: NA | L699: NA | M699: NA | N699: NA | O699: NA | P699: =IF(F699="NA","NA",_xlfn.XLOOKUP(TRIM(F699),nacionalidad!A:A,nacionalidad!B:B,"Por verificar")) -> Venezuela | Q699: =IF(G699="NA","NA",_xlfn.XLOOKUP(TRIM(G699),nacionalidad!A:A,nacionalidad!B:B,"Por verificar")) -> Colombia | R699: =IF(H699="NA","NA",_xlfn.XLOOKUP(TRIM(H699),nacionalidad!A:A,nacionalidad!B:B,"Por verificar")) -> NA | S699: =IF(I699="NA","NA",_xlfn.XLOOKUP(TRIM(I699),nacionalidad!A:A,nacionalidad!B:B,"Por verificar")) -> NA | T699: =IF(J699="NA","NA",_xlfn.XLOOKUP(TRIM(J699),nacionalidad!A:A,nacionalidad!B:B,"Por verificar")) -> NA | U699: =IF(K699="NA","NA",_xlfn.XLOOKUP(TRIM(K699),nacionalidad!A:A,nacionalidad!B:B,"Por verificar")) -> NA | V699: =IF(L699="NA","NA",_xlfn.XLOOKUP(TRIM(L699),nacionalidad!A:A,nacionalidad!B:B,"Por verificar")) -> NA | W699: =IF(M699="NA","NA",_xlfn.XLOOKUP(TRIM(M699),nacionalidad!A:A,nacionalidad!B:B,"Por verificar")) -> NA | ... Y699: =IF(O699="NA","NA",_xlfn.XLOOKUP(TRIM(O699),nacionalidad!A:A,nacionalidad!B:B,"Por verificar")) -> NA | Z699: Imagínate | AA699: Atlantic Records | AB699: 1 | AC699: 30 | AD699: 56 | AE699: 573367
A700: Colombia | B700: 45995 | C700: diciembre_2025 | D700: 49 | E700: Beéle | F700: Beéle | G700: NA | H700: NA | I700: NA | J700: NA | K700: NA | L700: NA | M700: NA | N700: NA | O700: NA | P700: =IF(F700="NA","NA",_xlfn.XLOOKUP(TRIM(F700),nacionalidad!A:A,nacionalidad!B:B,"Por verificar")) -> Colombia | Q700: =IF(G700="NA","NA",_xlfn.XLOOKUP(TRIM(G700),nacionalidad!A:A,nacionalidad!B:B,"Por verificar")) -> NA | R700: =IF(H700="NA","NA",_xlfn.XLOOKUP(TRIM(H700),nacionalidad!A:A,nacionalidad!B:B,"Por verificar")) -> NA | S700: =IF(I700="NA","NA",_xlfn.XLOOKUP(TRIM(I700),nacionalidad!A:A,nacionalidad!B:B,"Por verificar")) -> NA | T700: =IF(J700="NA","NA",_xlfn.XLOOKUP(TRIM(J700),nacionalidad!A:A,nacionalidad!B:B,"Por verificar")) -> NA | U700: =IF(K700="NA","NA",_xlfn.XLOOKUP(TRIM(K700),nacionalidad!A:A,nacionalidad!B:B,"Por verificar")) -> NA | V700: =IF(L700="NA","NA",_xlfn.XLOOKUP(TRIM(L700),nacionalidad!A:A,nacionalidad!B:B,"Por verificar")) -> NA | W700: =IF(M700="NA","NA",_xlfn.XLOOKUP(TRIM(M700),nacionalidad!A:A,nacionalidad!B:B,"Por verificar")) -> NA | ... Y700: =IF(O700="NA","NA",_xlfn.XLOOKUP(TRIM(O700),nacionalidad!A:A,nacionalidad!B:B,"Por verificar")) -> NA | Z700: sobelove | AA700: 5020 Records | AB700: 5 | AC700: 49 | AD700: 39 | AE700: 569561
A701: Colombia | B701: 45995 | C701: diciembre_2025 | D701: 50 | E701: Beéle | F701: Beéle | G701: NA | H701: NA | I701: NA | J701: NA | K701: NA | L701: NA | M701: NA | N701: NA | O701: NA | P701: =IF(F701="NA","NA",_xlfn.XLOOKUP(TRIM(F701),nacionalidad!A:A,nacionalidad!B:B,"Por verificar")) -> Colombia | Q701: =IF(G701="NA","NA",_xlfn.XLOOKUP(TRIM(G701),nacionalidad!A:A,nacionalidad!B:B,"Por verificar")) -> NA | R701: =IF(H701="NA","NA",_xlfn.XLOOKUP(TRIM(H701),nacionalidad!A:A,nacionalidad!B:B,"Por verificar")) -> NA | S701: =IF(I701="NA","NA",_xlfn.XLOOKUP(TRIM(I701),nacionalidad!A:A,nacionalidad!B:B,"Por verificar")) -> NA | T701: =IF(J701="NA","NA",_xlfn.XLOOKUP(TRIM(J701),nacionalidad!A:A,nacionalidad!B:B,"Por verificar")) -> NA | U701: =IF(K701="NA","NA",_xlfn.XLOOKUP(TRIM(K701),nacionalidad!A:A,nacionalidad!B:B,"Por verificar")) -> NA | V701: =IF(L701="NA","NA",_xlfn.XLOOKUP(TRIM(L701),nacionalidad!A:A,nacionalidad!B:B,"Por verificar")) -> NA | W701: =IF(M701="NA","NA",_xlfn.XLOOKUP(TRIM(M701),nacionalidad!A:A,nacionalidad!B:B,"Por verificar")) -> NA | ... Y701: =IF(O701="NA","NA",_xlfn.XLOOKUP(TRIM(O701),nacionalidad!A:A,nacionalidad!B:B,"Por verificar")) -> NA | Z701: frente al mar | AA701: 5020 Records | AB701: 13 | AC701: 70 | AD701: 62 | AE701: 569322
A702: Colombia | B702: 46030 | C702: enero_2026 | D702: 1 | E702: Ryan Castro, Kapo, Gangsta | F702: Ryan Castro | G702: Kapo | H702: Gangsta | I702: NA | J702: NA | K702: NA | L702: NA | M702: NA | N702: NA | O702: NA | P702: =IF(F702="NA","NA",_xlfn.XLOOKUP(TRIM(F702),nacionalidad!A:A,nacionalidad!B:B,"Por verificar")) -> Colombia | Q702: =IF(G702="NA","NA",_xlfn.XLOOKUP(TRIM(G702),nacionalidad!A:A,nacionalidad!B:B,"Por verificar")) -> Colombia | R702: =IF(H702="NA","NA",_xlfn.XLOOKUP(TRIM(H702),nacionalidad!A:A,nacionalidad!B:B,"Por verificar")) -> Colombia | S702: =IF(I702="NA","NA",_xlfn.XLOOKUP(TRIM(I702),nacionalidad!A:A,nacionalidad!B:B,"Por verificar")) -> NA | T702: =IF(J702="NA","NA",_xlfn.XLOOKUP(TRIM(J702),nacionalidad!A:A,nacionalidad!B:B,"Por verificar")) -> NA | U702: =IF(K702="NA","NA",_xlfn.XLOOKUP(TRIM(K702),nacionalidad!A:A,nacionalidad!B:B,"Por verificar")) -> NA | V702: =IF(L702="NA","NA",_xlfn.XLOOKUP(TRIM(L702),nacionalidad!A:A,nacionalidad!B:B,"Por verificar")) -> NA | W702: =IF(M702="NA","NA",_xlfn.XLOOKUP(TRIM(M702),nacionalidad!A:A,nacionalidad!B:B,"Por verificar")) -> NA | ... Y702: =IF(O702="NA","NA",_xlfn.XLOOKUP(TRIM(O702),nacionalidad!A:A,nacionalidad!B:B,"Por verificar")) -> NA | Z702: LA VILLA | AA702: AWOO Corp./Sony Music Latin | AB702: 1 | AC702: 2 | AD702: 10 | AE702: 1539496
A703: Colombia | B703: 46030 | C703: enero_2026 | D703: 2 | E703: W Sound, Beéle, Ovy On The Drums | F703: W Sound | G703: Beéle | H703: Ovy On The Drums | I703: NA | J703: NA | K703: NA | L703: NA | M703: NA | N703: NA | O703: NA | P703: =IF(F703="NA","NA",_xlfn.XLOOKUP(TRIM(F703),nacionalidad!A:A,nacionalidad!B:B,"Por verificar")) -> Colombia | Q703: =IF(G703="NA","NA",_xlfn.XLOOKUP(TRIM(G703),nacionalidad!A:A,nacionalidad!B:B,"Por verificar")) -> Colombia | R703: =IF(H703="NA","NA",_xlfn.XLOOKUP(TRIM(H703),nacionalidad!A:A,nacionalidad!B:B,"Por verificar")) -> Colombia | S703: =IF(I703="NA","NA",_xlfn.XLOOKUP(TRIM(I703),nacionalidad!A:A,nacionalidad!B:B,"Por verificar")) -> NA | T703: =IF(J703="NA","NA",_xlfn.XLOOKUP(TRIM(J703),nacionalidad!A:A,nacionalidad!B:B,"Por verificar")) -> NA | U703: =IF(K703="NA","NA",_xlfn.XLOOKUP(TRIM(K703),nacionalidad!A:A,nacionalidad!B:B,"Por verificar")) -> NA | V703: =IF(L703="NA","NA",_xlfn.XLOOKUP(TRIM(L703),nacionalidad!A:A,nacionalidad!B:B,"Por verificar")) -> NA | W703: =IF(M703="NA","NA",_xlfn.XLOOKUP(TRIM(M703),nacionalidad!A:A,nacionalidad!B:B,"Por verificar")) -> NA | ... Y703: =IF(O703="NA","NA",_xlfn.XLOOKUP(TRIM(O703),nacionalidad!A:A,nacionalidad!B:B,"Por verificar")) -> NA | Z703: La Plena - W Sound 05 | AA703: WEA Latina | AB703: 1 | AC703: 1 | AD703: 46 | AE703: 1467018
A704: Colombia | B704: 46030 | C704: enero_2026 | D704: 3 | E704: Beéle | F704: Beéle | G704: NA | H704: NA | I704: NA | J704: NA | K704: NA | L704: NA | M704: NA | N704: NA | O704: NA | P704: =IF(F704="NA","NA",_xlfn.XLOOKUP(TRIM(F704),nacionalidad!A:A,nacionalidad!B:B,"Por verificar")) -> Colombia | Q704: =IF(G704="NA","NA",_xlfn.XLOOKUP(TRIM(G704),nacionalidad!A:A,nacionalidad!B:B,"Por verificar")) -> NA | R704: =IF(H704="NA","NA",_xlfn.XLOOKUP(TRIM(H704),nacionalidad!A:A,nacionalidad!B:B,"Por verificar")) -> NA | S704: =IF(I704="NA","NA",_xlfn.XLOOKUP(TRIM(I704),nacionalidad!A:A,nacionalidad!B:B,"Por verificar")) -> NA | T704: =IF(J704="NA","NA",_xlfn.XLOOKUP(TRIM(J704),nacionalidad!A:A,nacionalidad!B:B,"Por verificar")) -> NA | U704: =IF(K704="NA","NA",_xlfn.XLOOKUP(TRIM(K704),nacionalidad!A:A,nacionalidad!B:B,"Por verificar")) -> NA | V704: =IF(L704="NA","NA",_xlfn.XLOOKUP(TRIM(L704),nacionalidad!A:A,nacionalidad!B:B,"Por verificar")) -> NA | W704: =IF(M704="NA","NA",_xlfn.XLOOKUP(TRIM(M704),nacionalidad!A:A,nacionalidad!B:B,"Por verificar")) -> NA | ... Y704: =IF(O704="NA","NA",_xlfn.XLOOKUP(TRIM(O704),nacionalidad!A:A,nacionalidad!B:B,"Por verificar")) -> NA | Z704: quédate | AA704: 5020 Records | AB704: 2 | AC704: 3 | AD704: 34 | AE704: 1315469
... A748: Colombia | B748: 46030 | C748: enero_2026 | D748: 47 | E748: Rauw Alejandro, Romeo Santos | F748: Rauw Alejandro | G748: Romeo Santos | H748: NA | I748: NA | J748: NA | K748: NA | L748: NA | M748: NA | N748: NA | O748: NA | P748: =IF(F748="NA","NA",_xlfn.XLOOKUP(TRIM(F748),nacionalidad!A:A,nacionalidad!B:B,"Por verificar")) -> Puerto Rico | Q748: =IF(G748="NA","NA",_xlfn.XLOOKUP(TRIM(G748),nacionalidad!A:A,nacionalidad!B:B,"Por verificar")) -> Estados Unidos | R748: =IF(H748="NA","NA",_xlfn.XLOOKUP(TRIM(H748),nacionalidad!A:A,nacionalidad!B:B,"Por verificar")) -> NA | S748: =IF(I748="NA","NA",_xlfn.XLOOKUP(TRIM(I748),nacionalidad!A:A,nacionalidad!B:B,"Por verificar")) -> NA | T748: =IF(J748="NA","NA",_xlfn.XLOOKUP(TRIM(J748),nacionalidad!A:A,nacionalidad!B:B,"Por verificar")) -> NA | U748: =IF(K748="NA","NA",_xlfn.XLOOKUP(TRIM(K748),nacionalidad!A:A,nacionalidad!B:B,"Por verificar")) -> NA | V748: =IF(L748="NA","NA",_xlfn.XLOOKUP(TRIM(L748),nacionalidad!A:A,nacionalidad!B:B,"Por verificar")) -> NA | W748: =IF(M748="NA","NA",_xlfn.XLOOKUP(TRIM(M748),nacionalidad!A:A,nacionalidad!B:B,"Por verificar")) -> NA | ... Y748: =IF(O748="NA","NA",_xlfn.XLOOKUP(TRIM(O748),nacionalidad!A:A,nacionalidad!B:B,"Por verificar")) -> NA | Z748: Khé? | AA748: Sony Music Latin/Duars Entertainment | AB748: 7 | AC748: 62 | AD748: 60 | AE748: 528400
A749: Colombia | B749: 46030 | C749: enero_2026 | D749: 48 | E749: KAROL G, Feid, DFZM, Ovy On The Drums, J Balvin, Maluma, Ryan Castro, Blessd | F749: KAROL G | G749: Feid | H749: DFZM | I749: Ovy On The Drums | J749: J Balvin | K749: Maluma | L749: Ryan Castro | M749: Blessd | N749: NA | O749: NA | P749: =IF(F749="NA","NA",_xlfn.XLOOKUP(TRIM(F749),nacionalidad!A:A,nacionalidad!B:B,"Por verificar")) -> Colombia | Q749: =IF(G749="NA","NA",_xlfn.XLOOKUP(TRIM(G749),nacionalidad!A:A,nacionalidad!B:B,"Por verificar")) -> Colombia | R749: =IF(H749="NA","NA",_xlfn.XLOOKUP(TRIM(H749),nacionalidad!A:A,nacionalidad!B:B,"Por verificar")) -> Colombia | S749: =IF(I749="NA","NA",_xlfn.XLOOKUP(TRIM(I749),nacionalidad!A:A,nacionalidad!B:B,"Por verificar")) -> Colombia | T749: =IF(J749="NA","NA",_xlfn.XLOOKUP(TRIM(J749),nacionalidad!A:A,nacionalidad!B:B,"Por verificar")) -> Colombia | U749: =IF(K749="NA","NA",_xlfn.XLOOKUP(TRIM(K749),nacionalidad!A:A,nacionalidad!B:B,"Por verificar")) -> Colombia | V749: =IF(L749="NA","NA",_xlfn.XLOOKUP(TRIM(L749),nacionalidad!A:A,nacionalidad!B:B,"Por verificar")) -> Colombia | W749: =IF(M749="NA","NA",_xlfn.XLOOKUP(TRIM(M749),nacionalidad!A:A,nacionalidad!B:B,"Por verificar")) -> Colombia | ... Y749: =IF(O749="NA","NA",_xlfn.XLOOKUP(TRIM(O749),nacionalidad!A:A,nacionalidad!B:B,"Por verificar")) -> NA | Z749: 57 | AA749: Bichota/Interscope Records | AB749: 1 | AC749: 42 | AD749: 61 | AE749: 524082
A750: Colombia | B750: 46030 | C750: enero_2026 | D750: 49 | E750: CARABIN3, SVNTI | F750: CARABIN3 | G750: SVNTI | H750: NA | I750: NA | J750: NA | K750: NA | L750: NA | M750: NA | N750: NA | O750: NA | P750: =IF(F750="NA","NA",_xlfn.XLOOKUP(TRIM(F750),nacionalidad!A:A,nacionalidad!B:B,"Por verificar")) -> Colombia | Q750: =IF(G750="NA","NA",_xlfn.XLOOKUP(TRIM(G750),nacionalidad!A:A,nacionalidad!B:B,"Por verificar")) -> Colombia | R750: =IF(H750="NA","NA",_xlfn.XLOOKUP(TRIM(H750),nacionalidad!A:A,nacionalidad!B:B,"Por verificar")) -> NA | S750: =IF(I750="NA","NA",_xlfn.XLOOKUP(TRIM(I750),nacionalidad!A:A,nacionalidad!B:B,"Por verificar")) -> NA | T750: =IF(J750="NA","NA",_xlfn.XLOOKUP(TRIM(J750),nacionalidad!A:A,nacionalidad!B:B,"Por verificar")) -> NA | U750: =IF(K750="NA","NA",_xlfn.XLOOKUP(TRIM(K750),nacionalidad!A:A,nacionalidad!B:B,"Por verificar")) -> NA | V750: =IF(L750="NA","NA",_xlfn.XLOOKUP(TRIM(L750),nacionalidad!A:A,nacionalidad!B:B,"Por verificar")) -> NA | W750: =IF(M750="NA","NA",_xlfn.XLOOKUP(TRIM(M750),nacionalidad!A:A,nacionalidad!B:B,"Por verificar")) -> NA | ... Y750: =IF(O750="NA","NA",_xlfn.XLOOKUP(TRIM(O750),nacionalidad!A:A,nacionalidad!B:B,"Por verificar")) -> NA | Z750: MUSA | AA750: Dinastia INC | AB750: 49 | AC750: 102 | AD750: 5 | AE750: 523197
...

Sheet nacionalidad
A1: artista_base | B1: nacionalidad_sugerida
A2: Bad Bunny | B2: Puerto Rico
A3: Beéle | B3: Colombia
A4: Fuerza Regida | B4: Mexico
A5: Ovy On The Drums | B5: Colombia
A6: Blessd | B6: Colombia
A7: Tito Double P | B7: Mexico
A8: Peso Pluma | B8: Mexico
A9: Jere Klein | B9: Chile
A10: El Bogueto | B10: Mexico
A11: Junior H | B11: Mexico
A12: Kris R. | B12: Colombia
... A280: Yves Tumor | B280: Estados Unidos
